Proteins	Positions within proteins	Leading proteins	Protein	Protein names	Gene names	Fasta headers	Localization prob	Score diff	PEP	Score	Delta score	Score for localization	Localization prob CONT1	Score diff CONT1	PEP CONT1	Score CONT1	Localization prob CONT2	Score diff CONT2	PEP CONT2	Score CONT2	Localization prob CONT3	Score diff CONT3	PEP CONT3	Score CONT3	Localization prob sI_1	Score diff sI_1	PEP sI_1	Score sI_1	Localization prob sI_2	Score diff sI_2	PEP sI_2	Score sI_2	Localization prob sI_3	Score diff sI_3	PEP sI_3	Score sI_3	Diagnostic peak	Number of GlyGly (K)	Amino acid	Sequence window	Modification window	Peptide window coverage	GlyGly (K) Probabilities	GlyGly (K) Score diffs	Position in peptide	Charge	Mass error [ppm]	Identification type CONT1	Identification type CONT2	Identification type CONT3	Identification type sI_1	Identification type sI_2	Identification type sI_3	Intensity	Intensity___1	Intensity___2	Intensity___3	Ratio mod/base	Intensity CONT1	Intensity CONT2	Intensity CONT3	Intensity sI_1	Intensity sI_2	Intensity sI_3	Ratio mod/base CONT1	Ratio mod/base CONT2	Ratio mod/base CONT3	Ratio mod/base sI_1	Ratio mod/base sI_2	Ratio mod/base sI_3	Intensity CONT1___1	Intensity CONT1___2	Intensity CONT1___3	Intensity CONT2___1	Intensity CONT2___2	Intensity CONT2___3	Intensity CONT3___1	Intensity CONT3___2	Intensity CONT3___3	Intensity sI_1___1	Intensity sI_1___2	Intensity sI_1___3	Intensity sI_2___1	Intensity sI_2___2	Intensity sI_2___3	Intensity sI_3___1	Intensity sI_3___2	Intensity sI_3___3	Occupancy CONT1	Occupancy ratioCONT1	Occupancy error scale CONT1	Occupancy CONT2	Occupancy ratioCONT2	Occupancy error scale CONT2	Occupancy CONT3	Occupancy ratioCONT3	Occupancy error scale CONT3	Occupancy sI_1	Occupancy ratiosI_1	Occupancy error scale sI_1	Occupancy sI_2	Occupancy ratiosI_2	Occupancy error scale sI_2	Occupancy sI_3	Occupancy ratiosI_3	Occupancy error scale sI_3	Reverse	Potential contaminant	id	Protein group IDs	Positions	Position	Peptide IDs	Mod. peptide IDs	Evidence IDs	MS/MS IDs	Best localization evidence ID	Best localization MS/MS ID	Best localization raw file	Best localization scan number	Best score evidence ID	Best score MS/MS ID	Best score raw file	Best score scan number	Best PEP evidence ID	Best PEP MS/MS ID	Best PEP raw file	Best PEP scan number
CON__sp|P02701_CONT|CONT_P02701	111	CON__sp|P02701_CONT|CONT_P02701	CON__sp|P02701_CONT|CONT_P02701				1	52.4505	2.40648E-25	127.79	119	52.451																										1	K	MWLLRSSVNDIGDDWKATRVGINIFTRLRTQ	Oxidation (M);X;X;X;X;X;X;X;X;X;X;X;X;X;X;GlyGly (K);X;X;X;X;X;X;X;X;X;X;X;X;X;X;X	XXXXXPPPPPPPPPPPPPPPPPPPPPPXXXX	SSVNDIGDDWK(1)ATRVGINIFTR	SSVNDIGDDWK(52.45)ATRVGINIFTR	11	3	-4.1269	By MS/MS	By MS/MS	By MS/MS	By MS/MS	By MS/MS	By MS/MS	7561900000	7561900000	0	0	1.3692	42007000	38185000	470270000	2634300000	181330000	20773000	0.02102	0.031758	1.2694	7.3016	0.24239	0.024651	42007000	0	0	38185000	0	0	470270000	0	0	2634300000	0	0	181330000	0	0	20773000	0	0	0.043999	0.046025	0.76873	0.074565	0.080573	0.89817	0.67149	2.044	0.74892	0.62005	1.6319	0.8122	0.39427	0.65089	0.98174	0.0039883	0.0040043	2.7449		+	0	15	111	111	15078;15079	15967;15969	113975;113976;113977;113978;113979;113980;113981;113982;113983;113984;113985;113986;113987;113988;113989;113990;113991;113992;113993;113994;113995;113996;113997;113998;113999;114000;114001;114002;114003;114004;114005;114006;114007;114008;114009;114016	69605;69606;69607;69608;69609;69610;69611;69612;69613;69614;69615;69616;69617;69618;69619;69620;69621;69622;69623;69624;69626	114016	69626	20180322_AS_EF_USP7_sI_2_Band_B	37134	113986	69619	20180322_AS_EF_USP7_CONT3_Band_A	16599	113983	69615	20180322_AS_EF_USP7_sI_1_Band_A	17253
CON__sw|ENSBTAP0038253_CONT|CONT_(Bos;CON__sw|P12035_CONT|CONT_K2C3_HUMAN;P12035;CON__sw|P12035_CONT|CONT_P12035;CON__sw|P35908_CONT|CONT_K22E_HUMAN;P35908;CON__sw|P35908_CONT|CONT_P35908;CON__sw|Q3TTY5_CONT|CONT_Q3TTY5	265;289;289;289;267;267;273;288	CON__sw|ENSBTAP0038253_CONT|CONT_(Bos;CON__sw|P12035_CONT|CONT_K2C3_HUMAN;CON__sw|P35908_CONT|CONT_K22E_HUMAN;CON__sw|P35908_CONT|CONT_P35908;CON__sw|Q3TTY5_CONT|CONT_Q3TTY5	CON__sw|P35908_CONT|CONT_K22E_HUMAN	Keratin, type II cytoskeletal 3;Keratin, type II cytoskeletal 2 epidermal	KRT3;KRT2		1	98.5325	1.75752E-05	109.29	9.7221	109.29																										1	K	SELKNMEDLVEDFKKKYEDEINKRTAAENEF;SELKNMQDLVEDYRRKYEDEINKRTNAENEF;SELNNMQDLVEDFKKKYEDEINKRTSAENDF;SELNNMQDLVEDYKKKYEDEINKRTAAENDF	X;X;X;X;X;Oxidation (M);X;X;X;X;X;X;X;X;X;GlyGly (K);X;X;X;X;X;X;X;X;X;X;X;X;X;X;X	XXXXXXXXXXXXXXXPPPPPPPPPXXXXXXX	K(1)YEDEINKR	K(98.53)YEDEINK(-98.53)R	1	3	0.13903					By MS/MS		31480000	31480000	0	0	0.083901	0	0	0	0	31480000	0	NaN	NaN	0	0	NaN	0	0	0	0	0	0	0	0	0	0	0	0	0	31480000	0	0	0	0	0	NaN	NaN	NaN	NaN	NaN	NaN	NaN	NaN	NaN	NaN	NaN	NaN	NaN	NaN	NaN	NaN	NaN	NaN		+	1	18;53;63;64;74	265;289;267;273;288	267	8718	9157	65325	40244	65325	40244	20180322_AS_EF_USP7_sI_2_Band_C	3401	65325	40244	20180322_AS_EF_USP7_sI_2_Band_C	3401	65325	40244	20180322_AS_EF_USP7_sI_2_Band_C	3401
CON__sw|P05787_CONT|CONT_P05787;P05787;CON__sw|Q9H552_CONT|CONT_Q9H552;CON__sw|Q3KNV1_CONT|CONT_Q3KNV1;Q96GE1;CON__sw|P08729_CONT|CONT_P08729;P08729;CON__sw|Q9DCV7_CONT|CONT_Q9DCV7;P08670;P17661;P41219	393;393;409;394;394;394;388;402;407;398	CON__sw|P05787_CONT|CONT_P05787;CON__sw|Q3KNV1_CONT|CONT_Q3KNV1;Q96GE1;P08670	P08670	Keratin, type II cytoskeletal 8;Keratin, type II cytoskeletal 7;Vimentin;Desmin;Peripherin	KRT8;KRT7;VIM;DES;PRPH		1	58.6986	0.000187382	110.38	40.383	58.699																										1	K	LNVKMALDIEIATYRKLLEGEESRISLPLPN;MNVKLALDIEIATYRKLLEGEESRLESGMQN;MSVKLALDIEIATYRKLLEGEESRLAGDGVG	Oxidation (M);X;X;X;Oxidation (M);X;X;X;X;X;X;X;X;X;X;GlyGly (K);X;X;X;X;X;X;X;X;X;X;X;X;X;X;X	XXXXXXXXXXXXXXXPPPPPPPPPXXXXXXX	K(1)LLEGEESR	K(58.7)LLEGEESR	1	2	1.9653	By MS/MS		By matching	By matching	By matching	By MS/MS	171560000	171560000	0	0	NaN	53791000	0	21993000	1028900	2216000	90934000	NaN	NaN	NaN	NaN	NaN	NaN	53791000	0	0	0	0	0	21993000	0	0	1028900	0	0	2216000	0	0	90934000	0	0	NaN	NaN	NaN	NaN	NaN	NaN	NaN	NaN	NaN	NaN	NaN	NaN	NaN	NaN	NaN	NaN	NaN	NaN		+	2	46;49;510	393;394;402	402	8525	8946	63975;63976;63977;63978;63979;63980;63981;63982;63983;63984	39519;39520;39521	63977	39521	20180322_AS_EF_USP7_CONT1_Band_A	3899	63975	39519	20180322_AS_EF_USP7_sI_3_Band_A	2654	63975	39519	20180322_AS_EF_USP7_sI_3_Band_A	2654
CON__sw|P60712_CONT|CONT_P60712;P60709;P63261;P68133;P68032;P63267;P62736;Q562R1	191;191;191;193;193;192;193;192	CON__sw|P60712_CONT|CONT_P60712;P63261;P68133	P63261	Actin, cytoplasmic 1;Actin, cytoplasmic 1, N-terminally processed;Actin, cytoplasmic 2;Actin, cytoplasmic 2, N-terminally processed;Actin, alpha skeletal muscle;Actin, alpha cardiac muscle 1;Actin, gamma-enteric smooth muscle;Actin, aortic smooth muscle;Beta-actin-like protein 2	ACTB;ACTG1;ACTA1;ACTC1;ACTG2;ACTA2;ACTBL2		1	42.3169	1.64132E-06	70.438	64.233	42.317																										1	K	LRLDLAGRDLTDYLMKILTERGYSFTTTAER;MRLDLAGRDLTDYLMKILTERGYSFVTTAER	X;X;X;X;X;X;X;X;X;X;X;X;X;X;Oxidation (M);GlyGly (K);X;X;X;X;X;X;X;X;X;X;X;X;X;X;X	XXXXXXXXPPPPPPPPPPPPPXXXXXXXXXX	DLTDYLMK(1)ILTER	DLTDYLMK(42.32)ILTER	8	3	-1.1116	By MS/MS	By MS/MS	By MS/MS		By matching		40120000	40120000	0	0	NaN	0	16821000	13130000	0	479460	0	NaN	NaN	NaN	NaN	NaN	NaN	0	0	0	16821000	0	0	13130000	0	0	0	0	0	479460	0	0	0	0	0	NaN	NaN	NaN	NaN	NaN	NaN	NaN	NaN	NaN	NaN	NaN	NaN	NaN	NaN	NaN	NaN	NaN	NaN		+	3	66;1143;1146	191;191;193	191	2553	2680;2681	18924;18925;18926;18927	11607;11608;11609	18927	11609	20180322_AS_EF_USP7_CONT1_Band_B	45632	18924	11607	20180322_AS_EF_USP7_CONT3_Band_B	44495	18924	11607	20180322_AS_EF_USP7_CONT3_Band_B	44495
CON__sw|P60712_CONT|CONT_P60712;P60709;P63261;P68133;P68032;P63267;P62736	326;326;326;328;328;327;328	CON__sw|P60712_CONT|CONT_P60712;P63261;P68133	P63261	Actin, cytoplasmic 1;Actin, cytoplasmic 1, N-terminally processed;Actin, cytoplasmic 2;Actin, cytoplasmic 2, N-terminally processed;Actin, alpha skeletal muscle;Actin, alpha cardiac muscle 1;Actin, gamma-enteric smooth muscle;Actin, aortic smooth muscle	ACTB;ACTG1;ACTA1;ACTC1;ACTG2;ACTA2		1	62.454	3.03188E-06	62.454	56.739	62.454																										1	K	DRMQKEITALAPSTMKIKIIAPPERKYSVWI	X;X;X;X;X;X;X;X;X;X;X;X;X;X;Oxidation (M);GlyGly (K);X;X;X;X;X;X;X;X;X;X;X;X;X;X;X	XXXXXPPPPPPPPPPPPPXXXXXXXXXXXXX	EITALAPSTMK(1)IK	EITALAPSTMK(62.45)IK(-62.45)	11	3	-0.088936	By MS/MS	By MS/MS	By MS/MS	By matching	By matching	By matching	94652000	94652000	0	0	NaN	19127000	15342000	5098300	294840	4348400	3364800	NaN	NaN	NaN	NaN	NaN	NaN	19127000	0	0	15342000	0	0	5098300	0	0	294840	0	0	4348400	0	0	3364800	0	0	NaN	NaN	NaN	NaN	NaN	NaN	NaN	NaN	NaN	NaN	NaN	NaN	NaN	NaN	NaN	NaN	NaN	NaN		+	4	66;1143;1146	326;326;328	326	3413	3585;3586	24990;24991;24992;24993;24994;24995;24996;24997;24998;24999;25000;25001;25002;25003;25004;25005;25006;25007	15290;15291;15292;15293;15294;15295	25004	15295	20180322_AS_EF_USP7_CONT2_Band_A	10797	25004	15295	20180322_AS_EF_USP7_CONT2_Band_A	10797	25004	15295	20180322_AS_EF_USP7_CONT2_Band_A	10797
O43175	21	O43175	O43175	D-3-phosphoglycerate dehydrogenase	PHGDH		1	47.4702	0.00214827	47.47	19.798	47.47																										1	K	LRKVLISDSLDPCCRKILQDGGLQVVEKQNL	X;X;X;X;X;X;X;X;X;X;X;X;X;X;X;GlyGly (K);X;X;X;X;X;X;X;X;X;X;X;X;X;X;X	XXXXXXXXXXXXXXXPPPPPPPPPPPPPXXX	K(1)ILQDGGLQVVEK	K(47.47)ILQDGGLQVVEK(-47.47)	1	3	-0.60826		By MS/MS					3877300	3877300	0	0	0.049479	0	3877300	0	0	0	0	0	0.1666	0	0	0	0	0	0	0	3877300	0	0	0	0	0	0	0	0	0	0	0	0	0	0	NaN	NaN	NaN	NaN	NaN	NaN	NaN	NaN	NaN	NaN	NaN	NaN	NaN	NaN	NaN	NaN	NaN	NaN			5	196	21	21	8453	8868	63464	39235	63464	39235	20180322_AS_EF_USP7_CONT2_Band_A	12850	63464	39235	20180322_AS_EF_USP7_CONT2_Band_A	12850	63464	39235	20180322_AS_EF_USP7_CONT2_Band_A	12850
O43390	359	O43390	O43390	Heterogeneous nuclear ribonucleoprotein R	HNRNPR		1	43.6965	1.11598E-05	43.696	37.58	43.696																										1	K	FVRNLATTVTEEILEKSFSEFGKLERVKKLK	X;X;X;X;X;X;X;X;X;X;X;X;X;X;X;GlyGly (K);X;X;X;X;X;X;X;X;X;X;X;X;X;X;X	XXXPPPPPPPPPPPPPPPPPPPPXXXXXXXX	NLATTVTEEILEK(1)SFSEFGK	NLATTVTEEILEK(43.7)SFSEFGK(-43.7)	13	3	0.88538		By matching	By MS/MS	By matching			26503000	26503000	0	0	NaN	0	15195000	7503000	3805600	0	0	NaN	NaN	NaN	NaN	NaN	NaN	0	0	0	15195000	0	0	7503000	0	0	3805600	0	0	0	0	0	0	0	0	NaN	NaN	NaN	NaN	NaN	NaN	NaN	NaN	NaN	NaN	NaN	NaN	NaN	NaN	NaN	NaN	NaN	NaN			6	207	359	359	12278	13051	92932;92933;92934	56670	92932	56670	20180322_AS_EF_USP7_CONT3_Band_B	43122	92932	56670	20180322_AS_EF_USP7_CONT3_Band_B	43122	92932	56670	20180322_AS_EF_USP7_CONT3_Band_B	43122
O60506	356	O60506	O60506	Heterogeneous nuclear ribonucleoprotein Q	SYNCRIP		1	77.8708	1.51575E-23	77.871	74.632	77.871																										1	K	FVRNLANTVTEEILEKAFSQFGKLERVKKLK	X;X;X;X;X;X;X;X;X;X;X;X;X;X;X;GlyGly (K);X;X;X;X;X;X;GlyGly (K);X;X;X;X;X;X;X;X	XXXPPPPPPPPPPPPPPPPPPPPPPPXXXXX	NLANTVTEEILEK(1)AFSQFGK	NLANTVTEEILEK(77.87)AFSQFGK(-77.87)	13	3	1.7741		By MS/MS					25270000	25270000	0	0	NaN	0	17450000	0	0	0	0	NaN	NaN	NaN	NaN	NaN	NaN	0	0	0	17450000	0	0	0	0	0	0	0	0	0	0	0	0	0	0	NaN	NaN	NaN	NaN	NaN	NaN	NaN	NaN	NaN	NaN	NaN	NaN	NaN	NaN	NaN	NaN	NaN	NaN			7	260	356	356	12271;12272	13044;13045	92853;92854	56614;56615	92853	56614	20180322_AS_EF_USP7_CONT2_Band_B	45453	92853	56614	20180322_AS_EF_USP7_CONT2_Band_B	45453	92853	56614	20180322_AS_EF_USP7_CONT2_Band_B	45453
O75151	563	O75151	O75151	Lysine-specific demethylase PHF2	PHF2		1	45.0814	0.0094029	45.081	13.485	45.081																										2	K	LEAHTKEALTKMEPPKKGKATKSVLSVPNKD	X;X;X;X;X;X;X;X;X;X;X;Oxidation (M);X;X;X;GlyGly (K);GlyGly (K);X;X;X;X;X;X;X;X;X;X;X;X;X;X	XXXXXXXXXXXPPPPPPPPXXXXXXXXXXXX	MEPPK(1)K(1)GK	MEPPK(45.08)K(45.08)GK(-45.08)	5	2	0.98652	By MS/MS						0	0	0	0	NaN	0	0	0	0	0	0	NaN	NaN	NaN	NaN	NaN	NaN	0	0	0	0	0	0	0	0	0	0	0	0	0	0	0	0	0	0	NaN	NaN	NaN	NaN	NaN	NaN	NaN	NaN	NaN	NaN	NaN	NaN	NaN	NaN	NaN	NaN	NaN	NaN			8	290	563	563	11621	12243	86955	53038	86955	53038	20180322_AS_EF_USP7_CONT1_Band_A	7538	86955	53038	20180322_AS_EF_USP7_CONT1_Band_A	7538	86955	53038	20180322_AS_EF_USP7_CONT1_Band_A	7538
O75151	564	O75151	O75151	Lysine-specific demethylase PHF2	PHF2		1	45.0814	0.0094029	45.081	13.485	45.081																										2	K	EAHTKEALTKMEPPKKGKATKSVLSVPNKDV	X;X;X;X;X;X;X;X;X;X;Oxidation (M);X;X;X;GlyGly (K);GlyGly (K);X;X;X;X;X;X;X;X;X;X;X;X;X;X;X	XXXXXXXXXXPPPPPPPPXXXXXXXXXXXXX	MEPPK(1)K(1)GK	MEPPK(45.08)K(45.08)GK(-45.08)	6	2	0.98652	By MS/MS						0	0	0	0	NaN	0	0	0	0	0	0	NaN	NaN	NaN	NaN	NaN	NaN	0	0	0	0	0	0	0	0	0	0	0	0	0	0	0	0	0	0	NaN	NaN	NaN	NaN	NaN	NaN	NaN	NaN	NaN	NaN	NaN	NaN	NaN	NaN	NaN	NaN	NaN	NaN			9	290	564	564	11621	12243	86955	53038	86955	53038	20180322_AS_EF_USP7_CONT1_Band_A	7538	86955	53038	20180322_AS_EF_USP7_CONT1_Band_A	7538	86955	53038	20180322_AS_EF_USP7_CONT1_Band_A	7538
O94972	689	O94972	O94972	E3 ubiquitin-protein ligase TRIM37	TRIM37		1	43.0301	0.00921191	44.511	30.283	43.03																										1	K	MLKRLKTQMAEVRCMKTDVKNTLSEIKSSSA	X;X;X;X;X;X;X;X;Oxidation (M);X;X;X;X;X;X;GlyGly (K);X;X;X;X;X;X;X;X;X;X;X;X;X;X;X	XXXXXXPPPPPPPPPPPPPPXXXXXXXXXXX	TQMAEVRCMK(1)TDVK	TQMAEVRCMK(43.03)TDVK(-43.03)	10	3	3.1764	By matching	By MS/MS	By matching	By matching	By MS/MS	By matching	352120000	352120000	0	0	NaN	11358000	19979000	36819000	16740000	20757000	10621000	NaN	NaN	NaN	NaN	NaN	NaN	11358000	0	0	19979000	0	0	36819000	0	0	16740000	0	0	20757000	0	0	10621000	0	0	NaN	NaN	NaN	NaN	NaN	NaN	NaN	NaN	NaN	NaN	NaN	NaN	NaN	NaN	NaN	NaN	NaN	NaN			10	365	689	689	16231	17208	123708;123709;123710;123711;123712;123713;123714;123715;123716;123717	76280;76281	123709	76281	20180322_AS_EF_USP7_CONT2_Band_C	28271	123708	76280	20180322_AS_EF_USP7_sI_2_Band_A	27330	123709	76281	20180322_AS_EF_USP7_CONT2_Band_C	28271
P04075;CON__sp|ALDOA_RABIT_CONT|CONT_CRAP;CON__sw|P00883_CONT|CONT_ALDOA_RABIT	42;42;42	P04075	P04075	Fructose-bisphosphate aldolase A	ALDOA		1	47.7736	0.00206734	47.774	38.738	47.774																										1	K	GKGILAADESTGSIAKRLQSIGTENTEENRR	X;X;X;X;X;X;X;X;X;X;X;X;X;X;X;GlyGly (K);X;X;X;X;X;X;X;X;X;X;X;X;X;X;X	XXPPPPPPPPPPPPPPPXXXXXXXXXXXXXX	GILAADESTGSIAK(1)R	GILAADESTGSIAK(47.77)R	14	3	1.0038	By MS/MS	By matching	By matching	By matching	By matching	By matching	14617000	14617000	0	0	0.080481	4757800	3913900	2109500	1517800	1412700	905320	0.10448	0.061459	0.16335	0.1065	0.041293	0.082126	4757800	0	0	3913900	0	0	2109500	0	0	1517800	0	0	1412700	0	0	905320	0	0	0.89735	8.7414	15.012	0.83718	5.1418	14.176	0.77561	3.4564	5.8577	0.21315	0.27089	10.141	0.81724	4.4715	6.4787	NaN	NaN	NaN		+	11	445	42	42	5591	5864	41469;41470;41471;41472;41473;41474;41475	25609	41469	25609	20180322_AS_EF_USP7_CONT1_Band_A	10216	41469	25609	20180322_AS_EF_USP7_CONT1_Band_A	10216	41469	25609	20180322_AS_EF_USP7_CONT1_Band_A	10216
P06733	5	P06733	P06733	Alpha-enolase	ENO1		1	54.1572	0.00282795	54.157	25.983	54.157																										1	K	___________MSILKIHAREIFDSRGNPTV	X;X;X;X;X;X;X;X;X;X;X;X;X;X;X;GlyGly (K);X;X;X;X;X;X;X;X;X;X;X;X;X;X;X	XXXXXXXXXXXXPPPPPPPPXXXXXXXXXXX	SILK(1)IHAR	SILK(54.16)IHAR	4	3	-0.14415		By MS/MS	By matching	By matching			27783000	27783000	0	0	NaN	0	14106000	5900000	7777200	0	0	NaN	NaN	NaN	NaN	NaN	NaN	0	0	0	14106000	0	0	5900000	0	0	7777200	0	0	0	0	0	0	0	0	NaN	NaN	NaN	NaN	NaN	NaN	NaN	NaN	NaN	NaN	NaN	NaN	NaN	NaN	NaN	NaN	NaN	NaN			12	477	5	5	14364	15223	108301;108302;108303	65927	108301	65927	20180322_AS_EF_USP7_CONT2_Band_A	10999	108301	65927	20180322_AS_EF_USP7_CONT2_Band_A	10999	108301	65927	20180322_AS_EF_USP7_CONT2_Band_A	10999
P07195	308	P07195	P07195	L-lactate dehydrogenase B chain	LDHB		0.927076	11.0425	5.19307E-17	77.505	73.343	47.68																										1	K	PCILNARGLTSVINQKLKDDEVAQLKKSADT	X;X;X;X;X;X;X;X;X;X;X;X;X;X;X;GlyGly (K);X;X;X;X;X;X;X;X;X;X;X;X;X;X;X	XXXXXXXPPPPPPPPPPPPPPPPPPPXXXXX	GLTSVINQK(0.927)LK(0.073)DDEVAQLK	GLTSVINQK(11.04)LK(-11.04)DDEVAQLK(-47.68)	9	4	-0.86346	By MS/MS	By MS/MS		By matching	By MS/MS	By matching	154370000	154370000	0	0	NaN	25515000	29390000	0	8380300	10711000	7544000	NaN	NaN	NaN	NaN	NaN	NaN	25515000	0	0	29390000	0	0	0	0	0	8380300	0	0	10711000	0	0	7544000	0	0	NaN	NaN	NaN	NaN	NaN	NaN	NaN	NaN	NaN	NaN	NaN	NaN	NaN	NaN	NaN	NaN	NaN	NaN			13	484	308	308	5841	6119	43200;43201;43202;43203;43204;43205;43206;43207;43208;43209	26652;26653;26654;26655	43202	26654	20180322_AS_EF_USP7_CONT1_Band_A	22709	43203	26655	20180322_AS_EF_USP7_CONT1_Band_A	22710	43200	26652	20180322_AS_EF_USP7_sI_2_Band_A	21710
P07195	244	P07195	P07195	L-lactate dehydrogenase B chain	LDHB		1	48.5679	0.00259676	48.568	43.027	48.568																										1	K	KEVHKMVVESAYEVIKLKGYTNWAIGLSVAD	X;X;X;X;X;Oxidation (M);X;X;X;X;X;X;X;X;X;GlyGly (K);X;X;X;X;X;X;X;X;X;X;X;X;X;X;X	XXXXXPPPPPPPPPPPPPXXXXXXXXXXXXX	MVVESAYEVIK(1)LK	MVVESAYEVIK(48.57)LK(-48.57)	11	3	0.94859	By MS/MS	By matching					4861100	4861100	0	0	2.3619	2964400	1896700	0	0	0	0	NaN	NaN	NaN	NaN	NaN	0	2964400	0	0	1896700	0	0	0	0	0	0	0	0	0	0	0	0	0	0	NaN	NaN	NaN	NaN	NaN	NaN	NaN	NaN	NaN	NaN	NaN	NaN	NaN	NaN	NaN	NaN	NaN	NaN			14	484	244	244	11912	12652	89656;89657	54546	89656	54546	20180322_AS_EF_USP7_CONT1_Band_A	20047	89656	54546	20180322_AS_EF_USP7_CONT1_Band_A	20047	89656	54546	20180322_AS_EF_USP7_CONT1_Band_A	20047
P08107;P17066;P34931	451;453;453	P08107;P17066;P34931	P08107	Heat shock 70 kDa protein 1A;Heat shock 70 kDa protein 6;Heat shock 70 kDa protein 1-like	HSPA1A;HSPA6;HSPA1L		1	86.3444	3.51177E-08	86.344	74.776	86.344																										1	K	PGVFIQVYEGERAMTKDNNLLGRFELSGIPP;PGVLIQVYEGERAMTKDNNLLGRFDLTGIPP;PGVLIQVYEGERAMTKDNNLLGRFELSGIPP	X;X;X;X;X;X;X;X;X;X;X;X;X;Oxidation (M);X;GlyGly (K);X;X;X;X;X;X;X;X;X;X;X;X;X;X;X	XXXXXXXXXXXXPPPPPPPPPPPXXXXXXXX	AMTK(1)DNNLLGR	AMTK(86.34)DNNLLGR	4	3	-0.11529	By MS/MS	By matching	By MS/MS	By MS/MS	By matching	By matching	51681000	51681000	0	0	0.037412	9357600	5820300	10844000	10022000	1503000	2088700	0.026607	0.011546	0.16217	0.089464	0.0097764	0.010823	9357600	0	0	5820300	0	0	10844000	0	0	10022000	0	0	1503000	0	0	2088700	0	0	0.66495	1.9846	3.06	0.57569	1.3568	1.7142	0.80709	4.1838	0.90359	0.61926	1.6265	1.1893	0.075687	0.081884	1.3182	0.11739	0.133	1.153			15	501;613;792	451;453;453	451	1211	1289	9202;9203;9204;9205;9206;9207;9208;9209;9210;9211;9212;9213;9214	5839;5840;5841;5842;5843;5844	9207	5844	20180322_AS_EF_USP7_CONT1_Band_B	4575	9207	5844	20180322_AS_EF_USP7_CONT1_Band_B	4575	9204	5841	20180322_AS_EF_USP7_sI_1_Band_B	4329
P08107;P11142;P17066;P34931;P54652	507;507;509;509;510	P08107;P11142;P17066;P34931;P54652	P08107	Heat shock 70 kDa protein 1A;Heat shock cognate 71 kDa protein;Heat shock 70 kDa protein 6;Heat shock 70 kDa protein 1-like;Heat shock-related 70 kDa protein 2	HSPA1A;HSPA8;HSPA6;HSPA1L;HSPA2		1	100.017	4.95591E-05	140.11	91.828	100.02																										1	K	DKSTGKANKITITNDKGRLSKEEIERMVQEA;DKSTGKENKITITNDKGRLSKDDIDRMVQEA;DKSTGKENKITITNDKGRLSKEDIERMVQEA;DKSTGKVNKITITNDKGRLSKEEIERMVLDA;DRSTGKANKITITNDKGRLSKEEVERMVHEA	X;X;X;X;X;X;X;X;X;X;X;X;X;X;X;GlyGly (K);X;X;X;X;GlyGly (K);X;X;X;X;X;Oxidation (M);X;X;X;X	XXXXXXXXXPPPPPPPPPXXXXXXXXXXXXX	ITITNDK(1)GR	ITITNDK(100.02)GR	7	3	1.1521	By MS/MS	By MS/MS	By MS/MS	By matching	By matching		639990000	639990000	0	0	0.54912	141610000	79852000	137240000	0	36802000	0	0.41398	0.11638	1.1472	0	NaN	NaN	141610000	0	0	79852000	0	0	137240000	0	0	0	0	0	36802000	0	0	0	0	0	0.55076	1.226	1.9754	0.30166	0.43197	1.2391	0.89873	8.8751	1.759	NaN	NaN	NaN	NaN	NaN	NaN	NaN	NaN	NaN			16	501;541;613;792;1023	507;507;509;509;510	507	8054	8451	60252;60253;60254;60255;60256;60257;60258;60259;60260;60261;60262;60263;60264;60265	37346;37347;37348;37349;37350;37351;37352	60258	37352	20180322_AS_EF_USP7_CONT1_Band_B	3795	60254	37348	20180322_AS_EF_USP7_CONT3_Band_B	2662	60258	37352	20180322_AS_EF_USP7_CONT1_Band_B	3795
P08107	524	P08107	P08107	Heat shock 70 kDa protein 1A	HSPA1A		0.991063	20.4489	1.26388E-11	72.898	57.054	65.374																										1	K	RLSKEEIERMVQEAEKYKAEDEVQRERVSAK	X;X;X;GlyGly (K);X;X;X;X;X;Oxidation (M);X;X;X;X;X;GlyGly (K);X;X;X;X;X;X;X;X;X;X;X;X;X;X;X	XXXXXXXXXPPPPPPPPPPPPPPPPXXXXXX	MVQEAEK(0.991)YK(0.009)AEDEVQR	MVQEAEK(20.45)YK(-20.45)AEDEVQR	7	4	-0.64475	By MS/MS	By MS/MS	By MS/MS	By MS/MS	By MS/MS	By matching	296380000	296380000	0	0	0.098947	97368000	38911000	22262000	22041000	10526000	0	0.11848	0.053167	0.064971	0.046943	0.02832	0	97368000	0	0	38911000	0	0	22262000	0	0	22041000	0	0	10526000	0	0	0	0	0	NaN	NaN	NaN	0.42623	0.74285	1.8231	0.58521	1.4108	2.0131	0.63152	1.7138	3.8272	0.063326	0.067607	5.3784	NaN	NaN	NaN			17	501	524	524	11904	12635;12636	89515;89516;89517;89518;89519;89520;89521;89522;89523;89524;89525;89526;89527;89528	54482;54483;54484;54485;54486;54487	89515	54482	20180322_AS_EF_USP7_sI_2_Band_B	4957	89523	54487	20180322_AS_EF_USP7_sI_1_Band_B	4258	89515	54482	20180322_AS_EF_USP7_sI_2_Band_B	4957
P08107	348	P08107	P08107	Heat shock 70 kDa protein 1A	HSPA1A		1	64.1212	6.43598E-05	64.121	50.885	64.121																										1	K	DLVLVGGSTRIPKVQKLLQDFFNGRDLNKSI	X;X;X;X;X;X;X;X;X;X;X;X;X;X;X;GlyGly (K);X;X;X;X;X;X;X;X;X;X;X;X;X;X;X	XXXXXXXXXXXXXPPPPPPPPPPPPXXXXXX	VQK(1)LLQDFFNGR	VQK(64.12)LLQDFFNGR	3	3	-0.61086	By MS/MS	By matching	By matching	By matching			12179000	12179000	0	0	2.6721	7162600	4007200	455690	553700	0	0	NaN	0.87918	NaN	NaN	NaN	NaN	7162600	0	0	4007200	0	0	455690	0	0	553700	0	0	0	0	0	0	0	0	NaN	NaN	NaN	NaN	NaN	NaN	NaN	NaN	NaN	NaN	NaN	NaN	NaN	NaN	NaN	NaN	NaN	NaN			18	501	348	348	17884	18952	136228;136229;136230;136231	83892	136228	83892	20180322_AS_EF_USP7_CONT1_Band_B	26557	136228	83892	20180322_AS_EF_USP7_CONT1_Band_B	26557	136228	83892	20180322_AS_EF_USP7_CONT1_Band_B	26557
P08243	221	P08243	P08243	Asparagine synthetase [glutamine-hydrolyzing]	ASNS		1	48.9577	2.30064E-09	51.827	46.242	48.958																										1	K	HCRDVPLHALYDNVEKLFPGFEIETVKNNLR	X;X;X;X;X;X;X;X;X;X;X;X;X;X;X;GlyGly (K);X;X;X;X;X;X;X;X;X;X;X;X;X;X;X	XXXPPPPPPPPPPPPPPPPPPPPPPPPXXXX	DVPLHALYDNVEK(1)LFPGFEIETVK	DVPLHALYDNVEK(48.96)LFPGFEIETVK(-48.96)	13	4	-0.98922		By MS/MS	By MS/MS				22311000	22311000	0	0	NaN	0	15910000	6400700	0	0	0	NaN	NaN	NaN	NaN	NaN	NaN	0	0	0	15910000	0	0	6400700	0	0	0	0	0	0	0	0	0	0	0	NaN	NaN	NaN	NaN	NaN	NaN	NaN	NaN	NaN	NaN	NaN	NaN	NaN	NaN	NaN	NaN	NaN	NaN			19	508	221	221	2892	3046	21421;21422;21423	13122;13123	21422	13123	20180322_AS_EF_USP7_CONT2_Band_B	45214	21421	13122	20180322_AS_EF_USP7_CONT3_Band_B	43145	21421	13122	20180322_AS_EF_USP7_CONT3_Band_B	43145
P10644	261	P10644	P10644	cAMP-dependent protein kinase type I-alpha regulatory subunit;cAMP-dependent protein kinase type I-alpha regulatory subunit, N-terminally processed	PRKAR1A		1	43.7611	0.000127238	61.11	52.769	43.761																										1	K	YEEFLSKVSILESLDKWERLTVADALEPVQF	X;X;X;X;X;X;X;X;X;X;X;X;X;X;X;GlyGly (K);X;X;X;X;X;X;X;X;X;X;X;X;X;X;X	XXXXXXXPPPPPPPPPPPPXXXXXXXXXXXX	VSILESLDK(1)WER	VSILESLDK(43.76)WER	9	2	0.2797	By MS/MS	By matching	By MS/MS	By MS/MS	By matching		55186000	55186000	0	0	1.6521	26829000	1220900	11232000	6341200	5068300	0	2.6949	0.15471	1.971	3.1634	1.6228	0	26829000	0	0	1220900	0	0	11232000	0	0	6341200	0	0	5068300	0	0	0	0	0	0.38086	0.61513	2.068	0.15579	0.18455	0.87345	0.61965	1.6292	1.4361	0.91796	11.189	1.6332	0.67056	2.0354	1.4706	NaN	NaN	NaN			20	535	261	261	17990	19060	136913;136914;136915;136916;136917;136918;136919;136920	84260;84261;84262;84263	136916	84263	20180322_AS_EF_USP7_CONT1_Band_B	32265	136914	84261	20180322_AS_EF_USP7_CONT3_Band_B	30007	136914	84261	20180322_AS_EF_USP7_CONT3_Band_B	30007
P11142;P54652	187;188	P11142;P54652	P11142	Heat shock cognate 71 kDa protein;Heat shock-related 70 kDa protein 2	HSPA8;HSPA2		1	67.6454	4.97813E-13	67.645	59.394	67.645																										1	K	IINEPTAAAIAYGLDKKGCAGGEKNVLIFDL;IINEPTAAAIAYGLDKKVGAERNVLIFDLGG	X;X;X;X;X;X;X;X;X;X;X;X;X;X;X;GlyGly (K);X;X;X;X;X;X;X;X;X;X;X;X;X;X;X	PPPPPPPPPPPPPPPPPXXXXXXXXXXXXXX	IINEPTAAAIAYGLDK(1)K	IINEPTAAAIAYGLDK(67.65)K(-67.65)	16	3	2.0277	By MS/MS	By MS/MS	By matching		By matching	By matching	36248000	36248000	0	0	0.0027293	15963000	8341700	7283800	0	2085900	2573700	0.0047666	0.0020694	0.0044911	0	0.0016424	0.0020717	15963000	0	0	8341700	0	0	7283800	0	0	0	0	0	2085900	0	0	2573700	0	0	0.69964	2.3293	3.868	0.50279	1.0112	3.5923	NaN	NaN	NaN	NaN	NaN	NaN	NaN	NaN	NaN	NaN	NaN	NaN			21	541;1023	187;188	187	7288	7642	54179;54180;54181;54182;54183;54184	33201;33202	54180	33202	20180322_AS_EF_USP7_CONT1_Band_B	23961	54180	33202	20180322_AS_EF_USP7_CONT1_Band_B	23961	54180	33202	20180322_AS_EF_USP7_CONT1_Band_B	23961
P12004	164	P12004	P12004	Proliferating cell nuclear antigen	PCNA		1	42.6332	1.12019E-05	42.633	36.359	42.633																										1	K	RDLSHIGDAVVISCAKDGVKFSASGELGNGN	X;X;X;X;X;X;X;X;X;X;X;X;X;X;X;GlyGly (K);X;X;X;X;X;X;X;X;X;X;X;X;X;X;X	XPPPPPPPPPPPPPPPPPPPXXXXXXXXXXX	DLSHIGDAVVISCAK(1)DGVK	DLSHIGDAVVISCAK(42.63)DGVK(-42.63)	15	4	1.631	By matching	By MS/MS					7923500	7923500	0	0	NaN	2420900	5502600	0	0	0	0	NaN	NaN	NaN	NaN	NaN	NaN	2420900	0	0	5502600	0	0	0	0	0	0	0	0	0	0	0	0	0	0	NaN	NaN	NaN	NaN	NaN	NaN	NaN	NaN	NaN	NaN	NaN	NaN	NaN	NaN	NaN	NaN	NaN	NaN			22	556	164	164	2534	2659	18783;18784	11524	18783	11524	20180322_AS_EF_USP7_CONT2_Band_A	21066	18783	11524	20180322_AS_EF_USP7_CONT2_Band_A	21066	18783	11524	20180322_AS_EF_USP7_CONT2_Band_A	21066
P12268	195	P12268	P12268	Inosine-5'-monophosphate dehydrogenase 2	IMPDH2		1	42.3838	5.23723E-05	43.349	40.577	42.384																										1	K	TKREDLVVAPAGITLKEANEILQRSKKGKLP	X;X;X;X;X;X;X;X;X;X;X;X;X;X;X;GlyGly (K);X;X;X;X;X;X;X;X;X;X;X;X;X;X;X	XXPPPPPPPPPPPPPPPPPPPPPPXXXXXXX	REDLVVAPAGITLK(1)EANEILQR	REDLVVAPAGITLK(42.38)EANEILQR	14	4	0.76331	By MS/MS	By MS/MS	By matching	By matching	By matching	By matching	12908000	12908000	0	0	NaN	4230300	2915600	2528700	1254000	1227900	751580	NaN	NaN	NaN	NaN	NaN	NaN	4230300	0	0	2915600	0	0	2528700	0	0	1254000	0	0	1227900	0	0	751580	0	0	NaN	NaN	NaN	NaN	NaN	NaN	NaN	NaN	NaN	NaN	NaN	NaN	NaN	NaN	NaN	NaN	NaN	NaN			23	560	195	195	13612	14446	103152;103153;103154;103155;103156;103157	63013;63014	103153	63014	20180322_AS_EF_USP7_CONT1_Band_B	33906	103152	63013	20180322_AS_EF_USP7_CONT2_Band_B	32947	103152	63013	20180322_AS_EF_USP7_CONT2_Band_B	32947
P13639	239	P13639	P13639	Elongation factor 2	EEF2		1	60.5499	3.2474E-06	60.55	50.75	60.55																										1	K	TLKQFAEMYVAKFAAKGEGQLGPAERAKKVE	X;X;X;X;X;X;X;Oxidation (M);X;X;X;X;X;X;X;GlyGly (K);X;X;X;X;X;X;X;X;X;X;X;X;X;X;X	XXXXXXXXXXXXPPPPPPPPPPPPPPXXXXX	FAAK(1)GEGQLGPAER	FAAK(60.55)GEGQLGPAER	4	3	-0.74071	By MS/MS	By matching	By matching		By matching	By matching	17459000	17459000	0	0	1.1008	11234000	2688800	2259100	0	642350	634440	8.3859	0.58587	10.879	0	0.085261	0.7701	11234000	0	0	2688800	0	0	2259100	0	0	0	0	0	642350	0	0	634440	0	0	0.82612	4.751	0.86914	0.28531	0.39921	1.2166	0.94668	17.755	1.0502	NaN	NaN	NaN	0.13603	0.15745	0.95846	0.30093	0.43047	1.8944			24	571	239	239	4235	4455	31331;31332;31333;31334;31335;31336	19439;19440	31332	19440	20180322_AS_EF_USP7_CONT1_Band_C	5923	31332	19440	20180322_AS_EF_USP7_CONT1_Band_C	5923	31332	19440	20180322_AS_EF_USP7_CONT1_Band_C	5923
P22234	11	P22234	P22234	Multifunctional protein ADE2;Phosphoribosylaminoimidazole-succinocarboxamide synthase;Phosphoribosylaminoimidazole carboxylase	PAICS		1	72.2004	8.38899E-09	99.283	86.328	72.2																										1	K	_____MATAEVLNIGKKLYEGKTKEVYELLD	X;X;X;X;X;X;X;X;X;X;X;X;X;X;X;GlyGly (K);X;X;X;X;X;X;X;X;X;X;X;X;X;X;X	XXXXXXPPPPPPPPPPPXXXXXXXXXXXXXX	ATAEVLNIGK(1)K	ATAEVLNIGK(72.2)K(-72.2)	10	2	2.886	By MS/MS		By MS/MS	By MS/MS		By MS/MS	27733000	27733000	0	0	0.080334	13111000	0	5036300	5851700	0	3734100	0.13965	0	0.21186	0.15228	0	0.08513	13111000	0	0	0	0	0	5036300	0	0	5851700	0	0	0	0	0	3734100	0	0	NaN	NaN	NaN	NaN	NaN	NaN	0.43834	0.78044	3.5692	NaN	NaN	NaN	NaN	NaN	NaN	0.23873	0.31359	3.9968			25	667	11	11	1548	1637	11622;11623;11624;11625;11626	7290;7291;7292;7293;7294	11626	7294	20180322_AS_EF_USP7_CONT1_Band_B	20010	11625	7293	20180322_AS_EF_USP7_CONT1_Band_A	19486	11625	7293	20180322_AS_EF_USP7_CONT1_Band_A	19486
P23396	214	P23396	P23396	40S ribosomal protein S3	RPS3		0.999998	57.2568	2.19484E-43	80.664	77.766	77.939																										1	K	GPKKPLPDHVSIVEPKDEILPTTPISEQKGG	X;X;X;X;X;X;X;X;X;X;X;X;X;X;X;GlyGly (K);X;X;X;X;X;X;X;X;X;X;X;X;X;X;X	XXXPPPPPPPPPPPPPPPPPPPPPPPPPPXX	KPLPDHVSIVEPK(1)DEILPTTPISEQK	K(-57.26)PLPDHVSIVEPK(57.26)DEILPTTPISEQK(-77.94)	13	4	-0.053197	By MS/MS	By MS/MS	By MS/MS	By MS/MS	By MS/MS	By matching	292670000	292670000	0	0	9.6389	95521000	56925000	38939000	37033000	40346000	23909000	10.586	8.7201	14.436	7.7735	8.8833	8.5111	95521000	0	0	56925000	0	0	38939000	0	0	37033000	0	0	40346000	0	0	23909000	0	0	NaN	NaN	NaN	NaN	NaN	NaN	0.64773	1.8388	13.424	0.86074	6.1806	14.748	NaN	NaN	NaN	0.059709	0.0635	25.11			26	678	214	214	8586	9017	64373;64374;64375;64376;64377;64378	39729;39730;39731;39732;39733	64375	39731	20180322_AS_EF_USP7_CONT3_Band_A	20615	64374	39730	20180322_AS_EF_USP7_sI_1_Band_A	21003	64374	39730	20180322_AS_EF_USP7_sI_1_Band_A	21003
P27824	401	P27824	P27824	Calnexin	CANX		1	82.6513	1.14414E-07	82.651	69.138	82.651																										1	K	PMIDNPSYQGIWKPRKIPNPDFFEDLEPFRM	X;X;X;X;X;X;X;X;X;X;X;X;X;X;X;GlyGly (K);X;X;X;X;X;X;X;X;X;X;X;X;X;X;X	XXXXXXXXXXXXXXXPPPPPPPPPPPPPPPX	K(1)IPNPDFFEDLEPFR	K(82.65)IPNPDFFEDLEPFR	1	3	-0.0058744	By MS/MS	By MS/MS		By MS/MS	By MS/MS	By matching	49512000	49512000	0	0	0.052022	4993800	22509000	0	8572000	10531000	2906300	0.027267	0.069639	0	0.07723	0.076391	0.03328	4993800	0	0	22509000	0	0	0	0	0	8572000	0	0	10531000	0	0	2906300	0	0	0.44881	0.81425	2.0718	NaN	NaN	NaN	NaN	NaN	NaN	0.64553	1.8211	2.8973	0.74556	2.9303	3.3617	NaN	NaN	NaN			27	724	401	401	8458	8874	63507;63508;63509;63510;63511;63512;63513;63514	39279;39280;39281;39282;39283	63511	39283	20180322_AS_EF_USP7_CONT1_Band_B	39266	63511	39283	20180322_AS_EF_USP7_CONT1_Band_B	39266	63511	39283	20180322_AS_EF_USP7_CONT1_Band_B	39266
P30101	362	P30101	P30101	Protein disulfide-isomerase A3	PDIA3		1	42.976	0.00865073	42.976	36.072	42.976																											K	KALERFLQDYFDGNLKRYLKSEPIPESNDGP	X;X;X;X;X;X;X;X;X;X;X;X;X;X;X;GlyGly (K);X;X;X;X;X;X;X;X;X;X;X;X;X;X;X	XXXXXPPPPPPPPPPPPXXXXXXXXXXXXXX	FLQDYFDGNLK(1)R	FLQDYFDGNLK(42.98)R	11	3	0.35072	By matching						2772300	2772300	0	0	0.017378	2772300	0	0	0	0	0	0.065859	0	0	0	0	0	2772300	0	0	0	0	0	0	0	0	0	0	0	0	0	0	0	0	0	NaN	NaN	NaN	NaN	NaN	NaN	NaN	NaN	NaN	NaN	NaN	NaN	NaN	NaN	NaN	NaN	NaN	NaN			28	746	362	362	4718	4963	34998	21669	34998	21669	20180322_AS_EF_USP7_CONT1_Band_B	23996	34998	21669	20180322_AS_EF_USP7_CONT1_Band_B	23996	34998	21669	20180322_AS_EF_USP7_CONT1_Band_B	23996
P30153;P30154	34;46	P30153;P30154	P30153	Serine/threonine-protein phosphatase 2A 65 kDa regulatory subunit A alpha isoform;Serine/threonine-protein phosphatase 2A 65 kDa regulatory subunit A beta isoform	PPP2R1A;PPP2R1B		1	88.2818	3.69795E-06	88.282	66.226	88.282																										1	K	ELRNEDVQLRLNSIKKLSTIALALGVERTRS	X;X;X;X;X;X;X;X;X;X;X;X;X;X;X;GlyGly (K);X;X;X;X;X;X;X;X;X;X;X;X;X;X;X	XXXXXXXXXXXXXXXPPPPPPPPPPPPPXXX	K(1)LSTIALALGVER	K(88.28)LSTIALALGVER	1	3	-0.13171		By MS/MS	By MS/MS		By matching	By matching	17058000	17058000	0	0	0.54936	0	9725200	4159100	0	2212200	961920	NaN	0.51213	1.0349	0	0.77528	0.29854	0	0	0	9725200	0	0	4159100	0	0	0	0	0	2212200	0	0	961920	0	0	NaN	NaN	NaN	NaN	NaN	NaN	0.094727	0.10464	13.912	NaN	NaN	NaN	0.59515	1.4701	3.0802	0.25335	0.33932	3.6652			29	747;748	34;46	34	8543	8966	64091;64092;64093;64094;64095	39578;39579	64092	39579	20180322_AS_EF_USP7_CONT2_Band_B	23930	64092	39579	20180322_AS_EF_USP7_CONT2_Band_B	23930	64092	39579	20180322_AS_EF_USP7_CONT2_Band_B	23930
P35240	396	P35240	P35240	Merlin	NF2		1	43.7611	0.00462932	43.761	32.39	43.761																										1	K	ADLLAEKAQITEEEAKLLAQKAAEAEQEMQR	X;X;X;X;X;X;X;X;X;X;X;X;X;X;X;GlyGly (K);X;X;X;X;X;X;X;X;X;X;X;X;X;X;X	XXXXXXXPPPPPPPPPPPPPPXXXXXXXXXX	AQITEEEAK(1)LLAQK	AQITEEEAK(43.76)LLAQK(-43.76)	9	3	-1.0399				By MS/MS			4245300	4245300	0	0	NaN	0	0	0	4245300	0	0	NaN	NaN	NaN	NaN	NaN	NaN	0	0	0	0	0	0	0	0	0	4245300	0	0	0	0	0	0	0	0	NaN	NaN	NaN	NaN	NaN	NaN	NaN	NaN	NaN	NaN	NaN	NaN	NaN	NaN	NaN	NaN	NaN	NaN			30	797	396	396	1358	1438	10252	6480	10252	6480	20180322_AS_EF_USP7_sI_1_Band_C	15951	10252	6480	20180322_AS_EF_USP7_sI_1_Band_C	15951	10252	6480	20180322_AS_EF_USP7_sI_1_Band_C	15951
P35241	209	P35241	P35241	Radixin	RDX		1	44.3907	0.000142734	44.391	41.747	44.391																										1	K	IAQDLEMYGVNYFEIKNKKGTELWLGVDALG	X;X;X;X;X;X;Oxidation (M);X;X;X;X;X;X;X;X;GlyGly (K);X;X;X;X;X;X;X;X;X;X;X;X;X;X;X	PPPPPPPPPPPPPPPPPPXXXXXXXXXXXXX	IAQDLEMYGVNYFEIK(1)NK	IAQDLEMYGVNYFEIK(44.39)NK(-44.39)	16	3	-0.24107	By matching	By MS/MS		By matching	By matching	By matching	20258000	20258000	0	0	NaN	4683000	5359900	0	4930300	3370800	1913900	NaN	NaN	NaN	NaN	NaN	NaN	4683000	0	0	5359900	0	0	0	0	0	4930300	0	0	3370800	0	0	1913900	0	0	NaN	NaN	NaN	NaN	NaN	NaN	NaN	NaN	NaN	NaN	NaN	NaN	NaN	NaN	NaN	NaN	NaN	NaN			31	798	209	209	6799	7134	50437;50438;50439;50440;50441	30978	50437	30978	20180322_AS_EF_USP7_CONT2_Band_B	28648	50437	30978	20180322_AS_EF_USP7_CONT2_Band_B	28648	50437	30978	20180322_AS_EF_USP7_CONT2_Band_B	28648
P38159	22	P38159	P38159	RNA-binding motif protein, X chromosome;RNA-binding motif protein, X chromosome, N-terminally processed	RBMX		1	43.6965	1.46827E-08	43.696	31.317	43.696																										1	K	PGKLFIGGLNTETNEKALEAVFGKYGRIVEV	X;X;X;X;X;X;X;X;X;X;X;X;X;X;X;GlyGly (K);X;X;X;X;X;X;X;X;X;X;X;X;X;X;X	XXXPPPPPPPPPPPPPPPPPPPPPXXXXXXX	LFIGGLNTETNEK(1)ALEAVFGK	LFIGGLNTETNEK(43.7)ALEAVFGK(-43.7)	13	3	0.84413	By MS/MS						0	0	0	0	NaN	0	0	0	0	0	0	NaN	NaN	NaN	NaN	NaN	NaN	0	0	0	0	0	0	0	0	0	0	0	0	0	0	0	0	0	0	NaN	NaN	NaN	NaN	NaN	NaN	NaN	NaN	NaN	NaN	NaN	NaN	NaN	NaN	NaN	NaN	NaN	NaN			32	829	22	22	9284	9753	69695	42962	69695	42962	20180322_AS_EF_USP7_CONT1_Band_A	39170	69695	42962	20180322_AS_EF_USP7_CONT1_Band_A	39170	69695	42962	20180322_AS_EF_USP7_CONT1_Band_A	39170
P40222	463	P40222	P40222	Alpha-taxilin	TXLNA		1	65.0802	2.10431E-05	71.558	56.284	71.558																										1	K	EEKTVRDKELEGLQVKIQRLEKLCRALQTER	X;X;X;X;X;X;X;X;X;X;X;X;X;X;X;GlyGly (K);X;X;X;X;X;X;X;X;X;X;X;X;X;X;X	XXXXXXPPPPPPPPPPPPPXXXXXXXXXXXX	DKELEGLQVK(1)IQR	DK(-65.08)ELEGLQVK(65.08)IQR	10	3	0.86391	By MS/MS						8874900	8874900	0	0	NaN	8874900	0	0	0	0	0	NaN	NaN	NaN	NaN	NaN	NaN	8874900	0	0	0	0	0	0	0	0	0	0	0	0	0	0	0	0	0	NaN	NaN	NaN	NaN	NaN	NaN	NaN	NaN	NaN	NaN	NaN	NaN	NaN	NaN	NaN	NaN	NaN	NaN			33	836	463	463	2320	2434	17281	10666	17281	10666	20180322_AS_EF_USP7_CONT1_Band_B	13555	17281	10666	20180322_AS_EF_USP7_CONT1_Band_B	13555	17281	10666	20180322_AS_EF_USP7_CONT1_Band_B	13555
P50454	39	P50454	P50454	Serpin H1	SERPINH1		1	58.1721	0.00101823	58.172	43.493	58.172																										1	K	PAAAAAPGTAEKLSPKAATLAERSAGLAFSL	X;X;X;X;X;X;X;X;X;X;X;X;X;X;X;GlyGly (K);X;X;X;X;X;X;X;X;X;X;X;X;X;X;X	XXXXXXXXXXXXPPPPPPPPPPPXXXXXXXX	LSPK(1)AATLAER	LSPK(58.17)AATLAER	4	3	-0.32132	By MS/MS	By matching	By matching	By matching	By matching	By matching	9149000	9149000	0	0	NaN	3472100	1420100	952500	919100	557600	1827700	NaN	NaN	NaN	NaN	NaN	NaN	3472100	0	0	1420100	0	0	952500	0	0	919100	0	0	557600	0	0	1827700	0	0	NaN	NaN	NaN	NaN	NaN	NaN	NaN	NaN	NaN	NaN	NaN	NaN	NaN	NaN	NaN	NaN	NaN	NaN			34	952	39	39	10948	11503	81990;81991;81992;81993;81994;81995;81996	50130	81990	50130	20180322_AS_EF_USP7_CONT1_Band_B	5668	81990	50130	20180322_AS_EF_USP7_CONT1_Band_B	5668	81990	50130	20180322_AS_EF_USP7_CONT1_Band_B	5668
P52272	381	P52272	P52272	Heterogeneous nuclear ribonucleoprotein M	HNRNPM		1	44.5427	0.000648534	60.255	36.579	44.543																										1	K	GMNMGRINEILSNALKRGEIIAKQGGGGGGG	X;Oxidation (M);X;Oxidation (M);X;X;X;X;X;X;X;X;X;X;X;GlyGly (K);X;X;X;X;X;X;X;X;X;X;X;X;X;X;X	XXXXXXPPPPPPPPPPPXXXXXXXXXXXXXX	INEILSNALK(1)R	INEILSNALK(44.54)R	10	3	-0.363	By MS/MS	By matching		By MS/MS		By matching	10037000	10037000	0	0	0.32454	3889500	2066600	0	2702000	0	1378800	0.27023	0.29646	0	0.59983	0	0.88696	3889500	0	0	2066600	0	0	0	0	0	2702000	0	0	0	0	0	1378800	0	0	NaN	NaN	NaN	0.54928	1.2187	4.3811	NaN	NaN	NaN	0.71146	2.4658	4.7339	NaN	NaN	NaN	NaN	NaN	NaN			35	988	381	381	7687	8067	57430;57431;57432;57433	35240;35241	57431	35241	20180322_AS_EF_USP7_CONT1_Band_C	14346	57430	35240	20180322_AS_EF_USP7_sI_1_Band_C	14473	57430	35240	20180322_AS_EF_USP7_sI_1_Band_C	14473
P55036	122	P55036	P55036	26S proteasome non-ATPase regulatory subunit 4	PSMD4		1	50.8308	1.49979E-05	50.831	46.444	50.831																										1	K	MRIIAFVGSPVEDNEKDLVKLAKRLKKEKVN	X;X;X;X;X;X;X;X;X;X;X;X;X;X;X;GlyGly (K);X;X;X;X;X;X;X;X;X;X;X;X;X;X;X	XXPPPPPPPPPPPPPPPPPPXXXXXXXXXXX	IIAFVGSPVEDNEK(1)DLVK	IIAFVGSPVEDNEK(50.83)DLVK(-50.83)	14	3	1.2107	By MS/MS						9709200	9709200	0	0	0.0062638	9709200	0	0	0	0	0	0.016406	0	0	0	0	0	9709200	0	0	0	0	0	0	0	0	0	0	0	0	0	0	0	0	0	NaN	NaN	NaN	NaN	NaN	NaN	NaN	NaN	NaN	NaN	NaN	NaN	NaN	NaN	NaN	NaN	NaN	NaN			36	1033	122	122	7198	7548	53459	32735	53459	32735	20180322_AS_EF_USP7_CONT1_Band_A	25184	53459	32735	20180322_AS_EF_USP7_CONT1_Band_A	25184	53459	32735	20180322_AS_EF_USP7_CONT1_Band_A	25184
P60174	193	P60174	P60174	Triosephosphate isomerase	TPI1		1	63.9438	0.000463114	63.944	37.532	63.944																										1	K	EKVVFEQTKVIADNVKDWSKVVLAYEPVWAI	X;X;X;X;X;X;X;X;X;X;X;X;X;X;X;GlyGly (K);X;X;X;X;X;X;X;X;X;X;X;X;X;X;X	XXXXXXXXXPPPPPPPPPPPXXXXXXXXXXX	VIADNVK(1)DWSK	VIADNVK(63.94)DWSK(-63.94)	7	3	1.9251	By MS/MS						11015000	11015000	0	0	0.054609	11015000	0	0	0	0	0	0.21746	0	0	0	0	0	11015000	0	0	0	0	0	0	0	0	0	0	0	0	0	0	0	0	0	NaN	NaN	NaN	NaN	NaN	NaN	NaN	NaN	NaN	NaN	NaN	NaN	NaN	NaN	NaN	NaN	NaN	NaN			37	1057	193	193	17168	18187	130829	80714	130829	80714	20180322_AS_EF_USP7_CONT1_Band_A	10803	130829	80714	20180322_AS_EF_USP7_CONT1_Band_A	10803	130829	80714	20180322_AS_EF_USP7_CONT1_Band_A	10803
P60866	8	P60866	P60866	40S ribosomal protein S20	RPS20		1	46.3177	0.000825471	46.318	38.003	46.318																										1	K	________MAFKDTGKTPVEPEVAIHRIRIT	X;X;X;X;X;X;X;X;X;X;X;X;X;X;X;GlyGly (K);X;X;X;X;X;X;X;X;X;X;X;X;X;X;X	XXXXXXXXXXXXPPPPPPPPPPPPPPPXXXX	DTGK(1)TPVEPEVAIHR	DTGK(46.32)TPVEPEVAIHR	4	4	0.82932	By MS/MS			By matching		By matching	13529000	13529000	0	0	9.0023	10985000	0	0	1389200	0	1154700	NaN	NaN	NaN	NaN	0	NaN	10985000	0	0	0	0	0	0	0	0	1389200	0	0	0	0	0	1154700	0	0	NaN	NaN	NaN	NaN	NaN	NaN	NaN	NaN	NaN	NaN	NaN	NaN	NaN	NaN	NaN	NaN	NaN	NaN			38	1063	8	8	2781	2928	20595;20596;20597;20598	12632	20595	12632	20180322_AS_EF_USP7_CONT1_Band_A	8577	20595	12632	20180322_AS_EF_USP7_CONT1_Band_A	8577	20595	12632	20180322_AS_EF_USP7_CONT1_Band_A	8577
P62979;P62987;P0CG47;P0CG48	29;29;29;29	P62979	P62979	Ubiquitin-40S ribosomal protein S27a;Ubiquitin;40S ribosomal protein S27a;Ubiquitin-60S ribosomal protein L40;Ubiquitin;60S ribosomal protein L40;Polyubiquitin-B;Ubiquitin;Polyubiquitin-C;Ubiquitin	RPS27A;UBA52;UBB;UBC		0.999892	39.6598	9.89053E-65	132.31	112.08	132.31																										1	K	TLEVEPSDTIENVKAKIQDKEGIPPDQQRLI	X;X;X;X;X;X;X;X;X;X;X;X;X;X;X;GlyGly (K);X;X;X;GlyGly (K);X;X;X;X;X;X;X;X;X;X;X	PPPPPPPPPPPPPPPPPPPPPPPPPPPPPXX	AK(1)IQDKEGIPPDQQR	AK(39.66)IQDK(-39.66)EGIPPDQQR	2	4	-0.3619	By MS/MS	By MS/MS	By MS/MS	By MS/MS	By MS/MS	By MS/MS	2199200000	2199200000	0	0	0.048042	290040000	115600000	80754000	124660000	96448000	56868000	0.036263	0.0063268	0.02818	0.032375	0.014585	0.0092046	290040000	0	0	115600000	0	0	80754000	0	0	124660000	0	0	96448000	0	0	56868000	0	0	0.6995	2.3278	2.1503	0.34546	0.52779	2.0904	0.55534	1.2489	1.7942	0.15616	0.18506	10.052	0.28027	0.38941	2.7579	0.15826	0.18802	3.2142			39	1130	29	29	820;15822;15823;16059	863;16769;16770;17019	6113;6114;6115;6116;6117;6118;6119;6120;6121;6122;6123;6124;6125;6126;6127;6128;6129;6130;6131;6132;6133;6134;6135;6136;6137;6138;6139;6140;6141;6142;6143;6144;6145;6146;6147;6148;6149;6150;6151;6152;6153;6154;6155;6156;6157;6158;6159;6160;6161;6162;6163;6164;6165;6166;6167;6168;6169;6170;6171;6172;6173;6174;6175;6176;6177;6178;6179;6180;6181;6182;6183;120176;120177;120178;120179;120180;120181	3893;3894;3895;3896;3897;3898;3899;3900;3901;3902;3903;3904;3905;3906;3907;3908;3909;3910;3911;3912;3913;3914;3915;3916;3917;3918;3919;3920;3921;3922;3923;3924;3925;3926;3927;3928;3929;3930;3931;3932;3933;3934;3935;3936;3937;3938;3939;3940;3941;3942;3943;3944;3945;3946;3947;3948;3949;3950;3951;3952;3953;3954;3955;3956;3957;3958;3959;3960;3961;3962;3963;3964;3965;3966;3967;3968;3969;3970;3971;3972;3973;3974;3975;3976;3977;3978;3979;3980;3981;3982;3983;3984;3985;3986;3987;3988;3989;3990;3991;3992;3993;3994;3995;3996;3997;3998;3999;4000;4001;4002;73730;73731	6145	3946	20180322_AS_EF_USP7_CONT3_Band_C	3681	6145	3946	20180322_AS_EF_USP7_CONT3_Band_C	3681	120176	73730	20180322_AS_EF_USP7_CONT2_Band_B	27449
P62979;P62987;P0CG47;P0CG48	33;33;33;33	P62979	P62979	Ubiquitin-40S ribosomal protein S27a;Ubiquitin;40S ribosomal protein S27a;Ubiquitin-60S ribosomal protein L40;Ubiquitin;60S ribosomal protein L40;Polyubiquitin-B;Ubiquitin;Polyubiquitin-C;Ubiquitin	RPS27A;UBA52;UBB;UBC		1	76.3258	3.0619E-05	77.185	67.385	76.326																										1	K	EPSDTIENVKAKIQDKEGIPPDQQRLIFAGK	X;X;X;X;X;X;X;X;X;GlyGly (K);X;X;X;X;X;GlyGly (K);X;X;X;X;X;X;X;X;X;X;X;X;X;X;GlyGly (K)	XXXXXXXXXXXXPPPPPPPPPPPPPXXXXXX	IQDK(1)EGIPPDQQR	IQDK(76.33)EGIPPDQQR	4	3	-0.16205	By MS/MS	By MS/MS	By MS/MS	By MS/MS	By MS/MS	By MS/MS	211710000	211710000	0	0	0.0014537	78992000	23029000	41523000	41541000	14672000	7022700	0.0021454	0.00066729	0.0021147	0.0020151	0.00078351	0.00045805	78992000	0	0	23029000	0	0	41523000	0	0	41541000	0	0	14672000	0	0	7022700	0	0	NaN	NaN	NaN	0.2997	0.42796	2.5262	0.66641	1.9977	2.9931	0.33794	0.51043	4.0756	NaN	NaN	NaN	NaN	NaN	NaN			40	1130	33	33	820;7788;15823	863;8172;16770	58272;58273;58274;58275;58276;58277;58278;58279;58280;58281;58282;58283;58284;58285;58286;58287	36159;36160;36161;36162;36163;36164;36165;36166;36167;36168;36169;36170;36171;36172;36173;36174;36175;36176;36177;36178;36179;36180	58284	36180	20180322_AS_EF_USP7_CONT1_Band_C	4924	58283	36177	20180322_AS_EF_USP7_CONT1_Band_B	4652	58279	36170	20180322_AS_EF_USP7_CONT3_Band_C	4390
P62979;P62987;P0CG47;P0CG48	48;48;48;48	P62979	P62979	Ubiquitin-40S ribosomal protein S27a;Ubiquitin;40S ribosomal protein S27a;Ubiquitin-60S ribosomal protein L40;Ubiquitin;60S ribosomal protein L40;Polyubiquitin-B;Ubiquitin;Polyubiquitin-C;Ubiquitin	RPS27A;UBA52;UBB;UBC		1	45.2206	8.09479E-67	167.2	141.86	45.221																										1	K	KEGIPPDQQRLIFAGKQLEDGRTLSDYNIQK	GlyGly (K);X;X;X;X;X;X;X;X;X;X;X;X;X;X;GlyGly (K);X;X;X;X;X;X;X;X;X;X;X;X;X;X;GlyGly (K)	XXXXXXXXXXPPPPPPPPPPPPPPPPPPPPP	LIFAGK(1)QLEDGRTLSDYNIQK	LIFAGK(45.22)QLEDGRTLSDYNIQK(-45.22)	6	4	-0.82601	By MS/MS	By MS/MS	By MS/MS	By MS/MS	By MS/MS	By MS/MS	156350000000	156350000000	0	0	94.862	31865000000	25304000000	15152000000	14030000000	13604000000	7770300000	72.841	54.304	72.797	61.551	65.969	75.832	31865000000	0	0	25304000000	0	0	15152000000	0	0	14030000000	0	0	13604000000	0	0	7770300000	0	0	0.060216	0.064074	64.158	0.045538	0.04771	65.1	NaN	NaN	NaN	NaN	NaN	NaN	NaN	NaN	NaN	NaN	NaN	NaN			41	1130	48	48	9648;9649	10130;10131	72219;72220;72221;72222;72223;72224;72225;72226;72227;72228;72229;72230;72231;72232;72233;72234;72235;72236;72237;72238;72239;72240;72241;72242;72243;72244;72245;72246;72247;72248;72249;72250;72251;72252;72253;72254;72255;72256;72257;72258;72259;72260;72261;72262;72263;72264;72265;72266;72267;72268;72269;72270;72271;72272;72273;72274;72275;72276;72277;72278;72279;72280;72281;72282;72283;72284;72285;72286;72287;72288;72289;72290;72291;72292;72293;72294;72295;72296;72297;72298;72299;72300;72301;72302;72303;72304;72305;72306;72307;72308;72309;72310;72311;72312;72313;72314;72315;72316;72317;72318;72319;72320;72321;72322;72323;72324;72325;72326;72327;72328;72329;72330;72331;72332;72333;72334;72335;72336;72337;72338;72339;72340;72341;72342;72343;72344;72345;72346;72347;72348;72349;72350;72351;72352;72353;72354;72355;72356;72357;72358;72359;72360;72361;72362;72363;72364;72365;72366;72367;72368;72369;72370;72371;72372;72373;72374;72375;72376;72377;72378;72379;72380;72381;72382;72383;72384;72385;72386;72387;72388;72389;72390;72391;72392;72393;72394;72395;72396;72397;72398;72399;72400;72401;72402;72403;72404;72405;72406;72407;72408;72409;72410;72411;72412;72413;72414;72415;72416;72417;72418;72419;72420;72421;72422;72423;72424;72425;72426;72427;72428;72429;72430;72431;72432;72433;72434;72435;72436;72437;72438;72439;72440;72441;72442;72443;72444;72445;72446;72447;72448;72449;72450;72451;72452;72453;72454;72455;72456;72457;72458;72459;72460;72461;72462;72463;72464;72465;72466;72467;72468;72469;72470;72471;72472;72473;72474;72475;72476;72477;72478;72479;72480;72481;72482;72483;72484;72485;72486;72487;72488;72489;72490;72491;72492;72493;72494;72495;72496;72497;72498;72499;72500;72501;72502;72503;72504;72505;72506;72507;72508;72509;72510;72511;72512;72513;72514;72515;72516;72517;72518;72519;72520;72521;72522;72523;72524;72525;72526;72527;72528;72529;72530;72531;72532;72533;72534;72535;72536;72537;72538;72539;72540;72541;72542;72543;72544;72545;72546;72547;72548;72549;72550;72551;72552;72553;72554;72555;72556;72557;72558;72559;72560;72561;72562;72563;72564;72565;72566;72567;72568;72569;72570;72571;72572;72573;72574;72575;72576;72577;72578;72579;72580;72581;72582;72583;72584;72585;72586;72587;72588;72589;72590;72591;72592;72593;72594;72595;72596;72597;72598;72599	44432;44433;44434;44435;44436;44437;44438;44439;44440;44441;44442;44443;44444;44445;44446;44447;44448;44449;44450;44451;44452;44453;44454;44455;44456;44457;44458;44459;44460;44461;44462;44463;44464;44465;44466;44467;44468;44469;44470;44471;44472;44473;44474;44475;44476;44477;44478;44479;44480;44481;44482;44483;44484;44485;44486;44487;44488;44489;44490;44491;44492;44493;44494;44495;44496;44497;44498;44499;44500;44501;44502;44503;44504;44505;44506;44507;44508;44509;44510;44511;44512;44513;44514;44515;44516;44517;44518;44519;44520;44521;44522;44523;44524;44525;44526;44527;44528;44529;44530;44531;44532;44533;44534;44535;44536;44537;44538;44539;44540;44541;44542;44543;44544;44545;44546;44547;44548;44549;44550;44551;44552;44553;44554;44555;44556;44557;44558;44559;44560;44561;44562;44563;44564;44565;44566;44567;44568;44569;44570;44571;44572;44573;44574;44575;44576;44577;44578;44579;44580;44581;44582;44583;44584;44585;44586;44587;44588;44589;44590;44591;44592;44593;44594;44595;44596;44597;44598;44599;44600;44601;44602;44603;44604;44605;44606;44607;44608;44609;44610;44611;44612;44613;44614;44615;44616;44617;44618;44619;44620;44621;44622;44623;44624;44625;44626;44627;44628;44629;44630;44631;44632;44633;44634;44635;44636;44637;44638;44639;44640;44641;44642;44643;44644;44645;44646;44647;44648;44649;44650;44651;44652;44653;44654;44655;44656;44657;44658;44659;44660;44661;44662;44663;44664;44665;44666;44667;44668;44669;44670;44671;44672;44673;44674;44675;44676;44677;44678;44679;44680;44681;44682;44683;44684;44685;44686;44687;44688;44689;44690;44691;44692;44693;44694;44695;44696;44697;44698;44699;44700;44701;44702;44703;44704;44705;44706;44707;44708;44709;44710;44711;44712;44713;44714;44715;44716;44717;44718;44719;44720;44721;44722;44723;44724;44725;44726;44727;44728;44729;44730;44731;44732;44733;44734;44735;44736;44737;44738;44739;44740;44741;44742;44743;44744;44745;44746;44747;44748;44749;44750;44751;44752;44753;44754;44755;44756;44757;44758;44759;44760;44761;44762;44763;44764;44765;44766;44767;44768;44769;44770;44771;44772;44773;44774;44775;44776;44777;44778;44779;44780;44781;44782;44783;44784;44785;44786;44787;44788;44789;44790;44791;44792;44793;44794;44795;44796;44797;44798;44799;44800;44801;44802;44803;44804;44805;44806;44807;44808;44809;44810;44811;44812;44813;44814;44815;44816;44817;44818;44819;44820;44821;44822;44823;44824;44825;44826;44827;44828;44829;44830;44831;44832;44833;44834;44835;44836;44837;44838;44839;44840;44841;44842;44843;44844;44845;44846;44847;44848;44849;44850;44851;44852;44853;44854;44855;44856;44857;44858;44859;44860;44861;44862;44863;44864;44865;44866;44867;44868;44869;44870;44871;44872;44873;44874;44875;44876;44877;44878;44879;44880;44881;44882;44883;44884;44885;44886;44887;44888;44889;44890;44891;44892;44893;44894;44895;44896;44897;44898;44899;44900;44901;44902;44903;44904;44905;44906;44907;44908;44909;44910;44911;44912;44913;44914;44915;44916;44917;44918;44919	72579	44919	20180322_AS_EF_USP7_CONT1_Band_C	23772	72275	44531	20180322_AS_EF_USP7_sI_2_Band_C	14341	72570	44910	20180322_AS_EF_USP7_CONT2_Band_C	22260
P62979;P62987;P0CG47;P0CG48	63;63;63;63	P62979	P62979	Ubiquitin-40S ribosomal protein S27a;Ubiquitin;40S ribosomal protein S27a;Ubiquitin-60S ribosomal protein L40;Ubiquitin;60S ribosomal protein L40;Polyubiquitin-B;Ubiquitin;Polyubiquitin-C;Ubiquitin	RPS27A;UBA52;UBB;UBC		1	51.9713	2.80812E-95	168.05	162.38	51.971																										1	K	KQLEDGRTLSDYNIQKESTLHLVLRLRGGAK	GlyGly (K);X;X;X;X;X;X;X;X;X;X;X;X;X;X;GlyGly (K);X;X;X;X;X;X;X;X;X;X;X;X;X;X;X	XXXXXXXPPPPPPPPPPPPPPPPPPPPXXXX	TLSDYNIQK(1)ESTLHLVLRLR	TLSDYNIQK(51.97)ESTLHLVLRLR	9	5	-0.14881	By MS/MS	By MS/MS	By MS/MS	By MS/MS	By MS/MS	By MS/MS	26827000000	26827000000	0	0	0.35741	4934000000	6217600000	1456100000	1335500000	1975300000	454410000	0.62376	0.17409	0.42146	0.3127	0.15139	0.042628	4934000000	0	0	6217600000	0	0	1456100000	0	0	1335500000	0	0	1975300000	0	0	454410000	0	0	0.37626	0.60322	3.61	NaN	NaN	NaN	0.58512	1.4103	1.5802	0.26851	0.36706	3.5636	0.17447	0.21135	4.1815	0.098326	0.10905	1.8946			42	1130	63	63	9649;16037;16038	10131;16994;16995	121970;121971;121972;121973;121974;121975;121976;121977;121978;121979;121980;121981;121982;121983;121984;121985;121986;121987;121988;121989;121990;121991;121992;121993;121994;121995;121996;121997;121998;121999;122000;122001;122002;122003;122004;122005;122006;122007;122008;122009;122010;122011;122012;122013;122014;122015;122016;122017;122018;122019;122020;122021;122022;122023;122024;122025;122026;122027;122028;122029;122030;122031;122032;122033;122034;122035;122036;122037	75136;75137;75138;75139;75140;75141;75142;75143;75144;75145;75146;75147;75148;75149;75150;75151;75152;75153;75154;75155;75156;75157;75158;75159;75160;75161;75162;75163;75164;75165;75166;75167;75168;75169;75170;75171;75172;75173;75174;75175;75176;75177;75178;75179;75180;75181;75182;75183;75184;75185;75186;75187;75188;75189;75190;75191;75192;75193;75194;75195;75196;75197;75198;75199;75200;75201;75202;75203;75204;75205;75206;75207;75208;75209;75210;75211;75212;75213;75214;75215;75216;75217;75218;75219;75220;75221;75222;75223;75224;75225;75226;75227;75228;75229;75230;75231;75232;75233	122033	75233	20180322_AS_EF_USP7_CONT1_Band_C	20541	121986	75166	20180322_AS_EF_USP7_sI_1_Band_A	23098	121986	75166	20180322_AS_EF_USP7_sI_1_Band_A	23098
P62979;P62987;P0CG47;P0CG48	6;6;6;6	P62979	P62979	Ubiquitin-40S ribosomal protein S27a;Ubiquitin;40S ribosomal protein S27a;Ubiquitin-60S ribosomal protein L40;Ubiquitin;60S ribosomal protein L40;Polyubiquitin-B;Ubiquitin;Polyubiquitin-C;Ubiquitin	RPS27A;UBA52;UBB;UBC		1	51.2862	0.000336169	66.267	40.818	51.286																										1	K	__________MQIFVKTLTGKTITLEVEPSD	X;X;X;X;X;X;X;X;X;X;Oxidation (M);X;X;X;X;GlyGly (K);X;X;X;X;GlyGly (K);X;X;X;X;X;X;X;X;X;X	XXXXXXXXXXPPPPPPPPPPPXXXXXXXXXX	MQIFVK(1)TLTGK	MQIFVK(51.29)TLTGK(-51.29)	6	3	-0.55465	By MS/MS	By MS/MS	By MS/MS	By MS/MS	By MS/MS	By matching	141770000	141770000	0	0	13.502	3744200	8469200	2133800	1868400	2115200	1130900	NaN	1.2989	1.6455	2.0148	1.555	2.8586	3744200	0	0	8469200	0	0	2133800	0	0	1868400	0	0	2115200	0	0	1130900	0	0	NaN	NaN	NaN	NaN	NaN	NaN	0.44483	0.80124	19.02	0.48223	0.93136	18.917	NaN	NaN	NaN	NaN	NaN	NaN			43	1130	6	6	11819	12513;12514	88622;88623;88624;88625;88626;88627;88628;88629;88630;88631;88632;88633;88634;88635;88636;88637;88638;88639;88640;88641;88642;88643;88644;88645	53983;53984;53985;53986;53987;53988;53989;53990;53991;53992	88641	53992	20180322_AS_EF_USP7_CONT1_Band_C	13184	88622	53983	20180322_AS_EF_USP7_sI_2_Band_C	18029	88622	53983	20180322_AS_EF_USP7_sI_2_Band_C	18029
P62979;P62987;P0CG47;P0CG48	11;11;11;11	P62979	P62979	Ubiquitin-40S ribosomal protein S27a;Ubiquitin;40S ribosomal protein S27a;Ubiquitin-60S ribosomal protein L40;Ubiquitin;60S ribosomal protein L40;Polyubiquitin-B;Ubiquitin;Polyubiquitin-C;Ubiquitin	RPS27A;UBA52;UBB;UBC		1	99.7205	1.69926E-258	211.96	206.6	103.92																										1	K	_____MQIFVKTLTGKTITLEVEPSDTIENV	X;X;X;X;X;Oxidation (M);X;X;X;X;X;X;X;X;X;GlyGly (K);X;X;X;X;X;X;X;X;X;X;X;X;X;X;X	XXXXXXXXXXXPPPPPPPPPPPPPPPPPPPP	TLTGK(1)TITLEVEPSDTIENVKAK	TLTGK(99.72)TITLEVEPSDTIENVK(-99.72)AK(-103.92)	5	4	0.015434	By MS/MS	By MS/MS	By MS/MS	By MS/MS	By MS/MS	By MS/MS	19164000000	19164000000	0	0	4.0968	5833200000	5374800000	2168400000	1720000000	1669900000	1273200000	6.8727	3.0855	5.2322	3.3931	2.3614	2.7761	5833200000	0	0	5374800000	0	0	2168400000	0	0	1720000000	0	0	1669900000	0	0	1273200000	0	0	0.91048	10.171	10.68	0.82483	4.7086	9.8439	0.5651	1.2994	3.8417	NaN	NaN	NaN	0.37949	0.61157	3.9187	NaN	NaN	NaN			44	1130	11	11	11819;16058;16059	12513;12514;17017;17019	122265;122266;122267;122268;122269;122270;122271;122272;122273;122274;122275;122276;122277;122278;122279;122280;122281;122282;122283;122284;122285;122286;122287;122288;122289;122290;122291;122292;122293;122294;122295;122296;122297;122298;122299;122300;122301;122302;122303;122304;122305;122306;122307;122308;122309;122310;122311;122312;122338;122339;122340;122341;122342;122343;122344;122345;122346	75414;75415;75416;75417;75418;75419;75420;75421;75422;75423;75424;75425;75426;75427;75428;75429;75430;75431;75432;75433;75434;75435;75436;75437;75438;75439;75440;75441;75442;75443;75444;75445;75446;75447;75448;75449;75450;75451;75452;75453;75454;75455;75456;75457;75458;75459;75460;75461;75462;75463;75464;75465;75466;75467;75468;75469;75470;75471;75472;75473;75474;75475;75476;75477;75478;75479;75480;75481;75482;75483;75484;75485;75486;75487;75488;75506;75507	122339	75507	20180322_AS_EF_USP7_CONT2_Band_C	20391	122280	75448	20180322_AS_EF_USP7_sI_1_Band_C	23948	122280	75448	20180322_AS_EF_USP7_sI_1_Band_C	23948
P62979;P62987;P0CG47;P0CG48	27;27;27;27	P62979	P62979	Ubiquitin-40S ribosomal protein S27a;Ubiquitin;40S ribosomal protein S27a;Ubiquitin-60S ribosomal protein L40;Ubiquitin;60S ribosomal protein L40;Polyubiquitin-B;Ubiquitin;Polyubiquitin-C;Ubiquitin	RPS27A;UBA52;UBB;UBC		1	59.5791	1.72875E-41	129.05	125.19	59.579																										1	K	TITLEVEPSDTIENVKAKIQDKEGIPPDQQR	X;X;X;X;X;X;X;X;X;X;X;X;X;X;X;GlyGly (K);X;GlyGly (K);X;X;X;GlyGly (K);X;X;X;X;X;X;X;X;X	PPPPPPPPPPPPPPPPPPXXXXXXXXXXXXX	TITLEVEPSDTIENVK(1)AK	TITLEVEPSDTIENVK(59.58)AK(-59.58)	16	3	-1.0603	By MS/MS	By MS/MS	By MS/MS	By MS/MS	By MS/MS	By MS/MS	1429000000	1429000000	0	0	0.040421	489760000	322220000	217440000	142210000	9014800	176960000	0.098667	0.020505	0.11204	0.058716	0.0016656	0.03612	489760000	0	0	322220000	0	0	217440000	0	0	142210000	0	0	9014800	0	0	176960000	0	0	0.84021	5.258	2.6515	0.51765	1.0732	2.1936	0.62541	1.6696	1.3531	0.38966	0.63844	2.9041	0.032709	0.033815	1.5221	0.29514	0.41872	2.3007			45	1130	27	27	15822;15823;16058;16059	16769;16770;17017;17019	120158;120159;120160;120161;120162;120163;120164;120165;120166;120167;120168;120169;120170;120171;120172;120173;120174;120175	73715;73716;73717;73718;73719;73720;73721;73722;73723;73724;73725;73726;73727;73728;73729	120169	73729	20180322_AS_EF_USP7_CONT1_Band_B	22237	120163	73721	20180322_AS_EF_USP7_CONT3_Band_A	20089	120163	73721	20180322_AS_EF_USP7_CONT3_Band_A	20089
P62979	113	P62979	P62979	Ubiquitin-40S ribosomal protein S27a;Ubiquitin;40S ribosomal protein S27a	RPS27A		1	84.7778	2.97093E-62	148.62	131.02	124.12																										1	K	VKLAVLKYYKVDENGKISRLRRECPSDECGA	X;X;X;X;X;X;X;X;X;X;X;X;X;X;X;GlyGly (K);X;X;X;X;X;X;X;X;X;X;X;X;X;X;X	XXXXXXXPPPPPPPPPPPPXXXXXXXXXXXX	YYKVDENGK(1)ISR	YYK(-84.78)VDENGK(84.78)ISR	9	3	-3.9421	By MS/MS	By MS/MS	By MS/MS	By MS/MS	By MS/MS	By MS/MS	171620000	171620000	0	0	NaN	10878000	0	7608200	4850500	8439100	1518100	NaN	NaN	NaN	NaN	NaN	NaN	10878000	0	0	0	0	0	7608200	0	0	4850500	0	0	8439100	0	0	1518100	0	0	NaN	NaN	NaN	NaN	NaN	NaN	NaN	NaN	NaN	NaN	NaN	NaN	NaN	NaN	NaN	NaN	NaN	NaN			46	1130	113	113	19065	20177	144778;144779;144780;144781;144782;144783;144784;144786;144787;144789	88783;88784;88785;88786;88787;88788;88789;88791	144782	88787	20180322_AS_EF_USP7_CONT3_Band_A	4360	144780	88785	20180322_AS_EF_USP7_sI_2_Band_A	4331	144780	88785	20180322_AS_EF_USP7_sI_2_Band_A	4331
Q5VTE0;P68104	392;392	Q5VTE0	Q5VTE0	Putative elongation factor 1-alpha-like 3;Elongation factor 1-alpha 1	EEF1A1P5;EEF1A1		0.999308	31.5965	0.00464408	71.221	52.09	71.221																										1	K	EKIDRRSGKKLEDGPKFLKSGDAAIVDMVPG	X;X;X;X;X;X;X;X;X;X;X;X;X;X;X;GlyGly (K);X;X;X;X;X;X;X;X;X;X;X;X;X;X;X	XXXXXXXXXPPPPPPPPPPXXXXXXXXXXXX	K(0.001)LEDGPK(0.999)FLK	K(-31.6)LEDGPK(31.6)FLK(-71.22)	7	3	0.20896	By matching	By matching	By matching	By matching	By MS/MS	By matching	86271000	86271000	0	0	NaN	17834000	19158000	9461300	19417000	14711000	5689900	NaN	NaN	NaN	NaN	NaN	NaN	17834000	0	0	19158000	0	0	9461300	0	0	19417000	0	0	14711000	0	0	5689900	0	0	NaN	NaN	NaN	NaN	NaN	NaN	NaN	NaN	NaN	NaN	NaN	NaN	NaN	NaN	NaN	NaN	NaN	NaN			47	1148	392	392	8496	8917	63793;63794;63795;63796;63797;63798	39422	63793	39422	20180322_AS_EF_USP7_sI_2_Band_A	6355	63793	39422	20180322_AS_EF_USP7_sI_2_Band_A	6355	63793	39422	20180322_AS_EF_USP7_sI_2_Band_A	6355
P83731	93	P83731	P83731	60S ribosomal protein L24	RPL24		1	42.3169	0.00407334	42.317	33.907	42.317																										1	K	FQRAITGASLADIMAKRNQKPEVRKAQREQA	X;X;X;X;X;X;X;X;X;X;X;X;X;Oxidation (M);X;GlyGly (K);X;X;X;X;X;X;X;X;X;X;X;X;X;X;X	XXXPPPPPPPPPPPPPPXXXXXXXXXXXXXX	AITGASLADIMAK(1)R	AITGASLADIMAK(42.32)R	13	3	-1.4744	By MS/MS	By matching	By matching	By matching	By matching		9388100	9388100	0	0	NaN	3612800	3264900	1261500	307870	940980	0	NaN	NaN	NaN	NaN	NaN	NaN	3612800	0	0	3264900	0	0	1261500	0	0	307870	0	0	940980	0	0	0	0	0	NaN	NaN	NaN	NaN	NaN	NaN	NaN	NaN	NaN	NaN	NaN	NaN	NaN	NaN	NaN	NaN	NaN	NaN			48	1174	93	93	785	826	5730;5731;5732;5733;5734	3524	5730	3524	20180322_AS_EF_USP7_CONT1_Band_B	23701	5730	3524	20180322_AS_EF_USP7_CONT1_Band_B	23701	5730	3524	20180322_AS_EF_USP7_CONT1_Band_B	23701
Q00610;P53675	507;507	Q00610	Q00610	Clathrin heavy chain 1;Clathrin heavy chain 2	CLTC;CLTCL1		1	67.9969	2.00981E-07	67.997	55.729	67.997																										1	K	FAETGQVQKIVLYAKKVGYTPDWIFLLRNVM	X;X;X;X;X;X;X;X;X;X;X;X;X;X;X;GlyGly (K);X;X;X;X;X;X;X;X;X;X;X;X;X;X;X	XXXXXXXXXXXXXXXPPPPPPPPPPPPPXXX	K(1)VGYTPDWIFLLR	K(68)VGYTPDWIFLLR	1	3	1.246		By MS/MS	By matching	By matching	By matching	By MS/MS	33671000	33671000	0	0	1.5744	0	14707000	5699200	4983600	5458700	2822100	0	NaN	1.2719	1.808	1.16	0.86607	0	0	0	14707000	0	0	5699200	0	0	4983600	0	0	5458700	0	0	2822100	0	0	NaN	NaN	NaN	NaN	NaN	NaN	0.86086	6.1868	23.536	0.49379	0.97545	5.52	NaN	NaN	NaN	0.23508	0.30733	5.1378			49	1186	507	507	8689	9125	65129;65130;65131;65132;65133	40132;40133	65130	40133	20180322_AS_EF_USP7_CONT2_Band_C	37944	65130	40133	20180322_AS_EF_USP7_CONT2_Band_C	37944	65130	40133	20180322_AS_EF_USP7_CONT2_Band_C	37944
Q12968	636	Q12968	Q12968	Nuclear factor of activated T-cells, cytoplasmic 3	NFATC3		1	48.284	0.00769476	57.532	32.679	48.284																										1	K	TGSNFLPESKIIFLEKGQDGRPQWEVEGKII	X;X;X;X;X;X;X;X;X;X;X;X;X;X;X;GlyGly (K);X;X;X;X;X;X;X;X;X;X;X;X;X;X;X	XXXXXXXXXXPPPPPPPPPPPXXXXXXXXXX	IIFLEK(1)GQDGR	IIFLEK(48.28)GQDGR	6	2	0.18372	By MS/MS	By MS/MS	By MS/MS	By MS/MS	By MS/MS	By MS/MS	1701200000	1701200000	0	0	NaN	325390000	377280000	199750000	353980000	218100000	127250000	NaN	NaN	NaN	NaN	NaN	NaN	325390000	0	0	377280000	0	0	199750000	0	0	353980000	0	0	218100000	0	0	127250000	0	0	NaN	NaN	NaN	NaN	NaN	NaN	NaN	NaN	NaN	NaN	NaN	NaN	NaN	NaN	NaN	NaN	NaN	NaN			50	1295	636	636	7237	7587	53713;53714;53715;53716;53717;53718;53719;53720;53721;53722;53723;53724;53725;53726;53727;53728;53729;53730;53731;53732;53733;53734;53735;53736;53737	32885;32886;32887;32888;32889;32890;32891;32892;32893;32894;32895;32896;32897;32898;32899;32900;32901	53728	32901	20180322_AS_EF_USP7_CONT1_Band_C	23249	53723	32896	20180322_AS_EF_USP7_CONT2_Band_A	23730	53723	32896	20180322_AS_EF_USP7_CONT2_Band_A	23730
Q14103	197	Q14103	Q14103	Heterogeneous nuclear ribonucleoprotein D0	HNRNPD		1	42.3144	0.00217988	42.314	33.279	42.314																										1	K	KKIFVGGLSPDTPEEKIREYFGGFGEVESIE	X;X;X;X;X;X;X;X;X;X;X;X;X;X;X;GlyGly (K);X;X;X;X;X;X;X;X;X;X;X;X;X;X;X	XXPPPPPPPPPPPPPPPPXXXXXXXXXXXXX	IFVGGLSPDTPEEK(1)IR	IFVGGLSPDTPEEK(42.31)IR	14	3	2.2793	By MS/MS	By matching	By matching	By matching			21881000	21881000	0	0	NaN	8218200	6189200	3858400	3615100	0	0	NaN	NaN	NaN	NaN	NaN	NaN	8218200	0	0	6189200	0	0	3858400	0	0	3615100	0	0	0	0	0	0	0	0	NaN	NaN	NaN	NaN	NaN	NaN	NaN	NaN	NaN	NaN	NaN	NaN	NaN	NaN	NaN	NaN	NaN	NaN			51	1388	197	197	7070	7413	52379;52380;52381;52382	32087	52379	32087	20180322_AS_EF_USP7_CONT1_Band_A	21027	52379	32087	20180322_AS_EF_USP7_CONT1_Band_A	21027	52379	32087	20180322_AS_EF_USP7_CONT1_Band_A	21027
Q14683	373	Q14683	Q14683	Structural maintenance of chromosomes protein 1A	SMC1A		1	42.3961	0.00111571	42.396	14.514	42.396																										1	K	SQSQGRDLTLEENQVKKYHRLKEEASKRAAT	X;X;X;X;X;X;X;X;X;X;X;X;X;X;X;GlyGly (K);X;X;X;X;X;X;X;X;X;X;X;X;X;X;X	XXXXXXPPPPPPPPPPPXXXXXXXXXXXXXX	DLTLEENQVK(1)K	DLTLEENQVK(42.4)K(-42.4)	10	1	-3.7546	By MS/MS						30953000	30953000	0	0	2.3045	30953000	0	0	0	0	0	NaN	0	0	NaN	NaN	0	30953000	0	0	0	0	0	0	0	0	0	0	0	0	0	0	0	0	0	NaN	NaN	NaN	NaN	NaN	NaN	NaN	NaN	NaN	NaN	NaN	NaN	NaN	NaN	NaN	NaN	NaN	NaN			52	1428	373	373	2560	2689	18983	11651	18983	11651	20180322_AS_EF_USP7_CONT1_Band_A	26911	18983	11651	20180322_AS_EF_USP7_CONT1_Band_A	26911	18983	11651	20180322_AS_EF_USP7_CONT1_Band_A	26911
Q15758	537	Q15758	Q15758	Neutral amino acid transporter B(0)	SLC1A5		1	113.253	1.70324E-31	125.97	122.26	113.25																										1	K	KHYRGPAGDATVASEKESVM___________	GlyGly (K);X;X;X;X;X;X;X;X;X;X;X;X;X;X;GlyGly (K);X;X;X;Oxidation (M);X;X;X;X;X;X;X;X;X;X;X	XXXXPPPPPPPPPPPPPPPPXXXXXXXXXXX	GPAGDATVASEK(1)ESVM	GPAGDATVASEK(113.25)ESVM	12	2	-1.0946	By MS/MS	By MS/MS			By matching		21513000	21513000	0	0	0.56092	9412700	8618400	0	0	3481700	0	0.77919	0.53013	0	0	2.1899	0	9412700	0	0	8618400	0	0	0	0	0	0	0	0	3481700	0	0	0	0	0	0.89836	8.8387	22.082	0.85742	6.0135	21.229	NaN	NaN	NaN	NaN	NaN	NaN	NaN	NaN	NaN	NaN	NaN	NaN			53	1512	537	537	5924	6213	43832;43833;43834	27013;27014	43833	27014	20180322_AS_EF_USP7_CONT1_Band_B	8360	43832	27013	20180322_AS_EF_USP7_CONT2_Band_B	8273	43833	27014	20180322_AS_EF_USP7_CONT1_Band_B	8360
Q15758	522	Q15758	Q15758	Neutral amino acid transporter B(0)	SLC1A5		1	58.0933	1.202E-14	58.093	55.195	58.093																										1	K	LDPLPVPTEEGNPLLKHYRGPAGDATVASEK	X;X;X;X;X;X;X;X;X;X;X;X;X;X;X;GlyGly (K);X;X;X;X;X;X;X;X;X;X;X;X;X;X;GlyGly (K)	PPPPPPPPPPPPPPPPPPPXXXXXXXXXXXX	SELPLDPLPVPTEEGNPLLK(1)HYR	SELPLDPLPVPTEEGNPLLK(58.09)HYR	20	4	-0.82062		By matching	By MS/MS		By matching	By matching	44676000	44676000	0	0	NaN	0	25876000	10164000	0	6054900	2580500	NaN	NaN	NaN	NaN	NaN	NaN	0	0	0	25876000	0	0	10164000	0	0	0	0	0	6054900	0	0	2580500	0	0	NaN	NaN	NaN	NaN	NaN	NaN	NaN	NaN	NaN	NaN	NaN	NaN	NaN	NaN	NaN	NaN	NaN	NaN			54	1512	522	522	14053;15103	14904;15993	106118;106119;106120;106121;106122	64690	106118	64690	20180322_AS_EF_USP7_CONT3_Band_B	31282	106118	64690	20180322_AS_EF_USP7_CONT3_Band_B	31282	106118	64690	20180322_AS_EF_USP7_CONT3_Band_B	31282
Q15758	502	Q15758	Q15758	Neutral amino acid transporter B(0)	SLC1A5		1	61.4359	9.34118E-25	61.436	60.414	61.436																										1	K	DRTESRSTEPELIQVKSELPLDPLPVPTEEG	X;X;X;X;X;X;X;X;X;X;X;X;X;X;X;GlyGly (K);X;X;X;X;X;X;X;X;X;X;X;X;X;X;X	XXXXXXPPPPPPPPPPPPPPPPPPPPPPPPP	STEPELIQVK(1)SELPLDPLPVPTEEGNPLLK	STEPELIQVK(61.44)SELPLDPLPVPTEEGNPLLK(-61.44)	10	3	-0.26206	By matching	By matching	By MS/MS	By matching	By matching	By matching	57209000	57209000	0	0	NaN	2825000	14494000	33769000	1210700	2866500	2043300	NaN	NaN	NaN	NaN	NaN	NaN	2825000	0	0	14494000	0	0	33769000	0	0	1210700	0	0	2866500	0	0	2043300	0	0	NaN	NaN	NaN	NaN	NaN	NaN	NaN	NaN	NaN	NaN	NaN	NaN	NaN	NaN	NaN	NaN	NaN	NaN			55	1512	502	502	15103	15993	114217;114218;114219;114220;114221;114222;114223	69757	114217	69757	20180322_AS_EF_USP7_CONT3_Band_B	40122	114217	69757	20180322_AS_EF_USP7_CONT3_Band_B	40122	114217	69757	20180322_AS_EF_USP7_CONT3_Band_B	40122
Q16630	456	Q16630	Q16630	Cleavage and polyadenylation specificity factor subunit 6	CPSF6		1	43.7323	1.78269E-05	43.732	41.914	43.732																										1	K	YGSAIETLVTAISLIKQSKVSADDRCKVLIS	X;X;X;X;X;X;X;X;X;X;X;X;X;X;X;GlyGly (K);X;X;X;X;X;X;X;X;X;X;X;X;X;X;X	PPPPPPPPPPPPPPPPPPPXXXXXXXXXXXX	AVSDASAGDYGSAIETLVTAISLIK(1)QSK	AVSDASAGDYGSAIETLVTAISLIK(43.73)QSK(-43.73)	25	3	2.1492		By MS/MS		By matching	By matching	By matching	18591000	18591000	0	0	NaN	0	9920800	0	2901300	3214400	2554800	NaN	NaN	NaN	NaN	NaN	NaN	0	0	0	9920800	0	0	0	0	0	2901300	0	0	3214400	0	0	2554800	0	0	NaN	NaN	NaN	NaN	NaN	NaN	NaN	NaN	NaN	NaN	NaN	NaN	NaN	NaN	NaN	NaN	NaN	NaN			56	1535	456	456	1821	1920	13666;13667;13668;13669	8541	13666	8541	20180322_AS_EF_USP7_CONT2_Band_B	46940	13666	8541	20180322_AS_EF_USP7_CONT2_Band_B	46940	13666	8541	20180322_AS_EF_USP7_CONT2_Band_B	46940
Q5VTT5	1086	Q5VTT5	Q5VTT5	Myomesin-3	MYOM3		1	44.1931	0.0043938	44.193	27.28	44.193																										1	K	SEEDKGSYTAQLQDGKAKNQITLTLVDDDFD	X;X;X;X;X;X;X;X;X;X;X;X;X;X;X;GlyGly (K);X;X;X;X;X;X;X;X;X;X;X;X;X;X;X	XXXXXPPPPPPPPPPPPPXXXXXXXXXXXXX	GSYTAQLQDGK(1)AK	GSYTAQLQDGK(44.19)AK(-44.19)	11	3	0.55445	By MS/MS			By matching			36015000	36015000	0	0	NaN	35819000	0	0	195910	0	0	NaN	NaN	NaN	NaN	NaN	NaN	35819000	0	0	0	0	0	0	0	0	195910	0	0	0	0	0	0	0	0	NaN	NaN	NaN	NaN	NaN	NaN	NaN	NaN	NaN	NaN	NaN	NaN	NaN	NaN	NaN	NaN	NaN	NaN			57	1617	1086	1086	6127	6427	45347;45348	27868	45347	27868	20180322_AS_EF_USP7_CONT1_Band_A	10408	45347	27868	20180322_AS_EF_USP7_CONT1_Band_A	10408	45347	27868	20180322_AS_EF_USP7_CONT1_Band_A	10408
Q99942	75	Q99942	Q99942	E3 ubiquitin-protein ligase RNF5	RNF5		1	93.6488	0.000616267	93.649	37.391	93.649																										1	K	ERQECPVCKAGISREKVVPLYGRGSQKPQDP	X;X;X;X;X;X;X;X;X;X;X;X;X;X;X;GlyGly (K);X;X;X;X;X;X;X;X;X;X;X;X;X;X;X	XXXXXXXXXXXXXXPPPPPPPPPXXXXXXXX	EK(1)VVPLYGR	EK(93.65)VVPLYGR	2	3	-0.47964	By MS/MS	By matching	By matching	By MS/MS	By matching	By matching	36878000	36878000	0	0	1.2386	23943000	1833600	963070	6751900	1109800	2277200	13.632	0.55562	0.61402	0.58847	0.18608	0.39873	23943000	0	0	1833600	0	0	963070	0	0	6751900	0	0	1109800	0	0	2277200	0	0	NaN	NaN	NaN	NaN	NaN	NaN	NaN	NaN	NaN	NaN	NaN	NaN	NaN	NaN	NaN	NaN	NaN	NaN			58	2188	75	75	3463	3642	25410;25411;25412;25413;25414;25415;25416;25417;25418;25419	15510;15511;15512	25412	15512	20180322_AS_EF_USP7_CONT1_Band_B	8926	25412	15512	20180322_AS_EF_USP7_CONT1_Band_B	8926	25412	15512	20180322_AS_EF_USP7_CONT1_Band_B	8926
Q9NZI8	450	Q9NZI8	Q9NZI8	Insulin-like growth factor 2 mRNA-binding protein 1	IGF2BP1		1	43.7979	0.00736657	43.798	34.603	43.798																										1	K	ASASIKIAPPETPDSKVRMVIITGPPEAQFK	X;X;X;X;X;X;X;X;X;X;X;X;X;X;X;GlyGly (K);X;X;Oxidation (M);X;X;X;X;X;X;X;X;X;X;X;X	XXXXXXPPPPPPPPPPPPXXXXXXXXXXXXX	IAPPETPDSK(1)VR	IAPPETPDSK(43.8)VR	10	3	0.60465	By MS/MS	By MS/MS	By matching	By matching		By matching	31366000	31366000	0	0	NaN	16308000	7628200	3494200	2423700	0	1511700	NaN	NaN	NaN	NaN	NaN	NaN	16308000	0	0	7628200	0	0	3494200	0	0	2423700	0	0	0	0	0	1511700	0	0	NaN	NaN	NaN	NaN	NaN	NaN	NaN	NaN	NaN	NaN	NaN	NaN	NaN	NaN	NaN	NaN	NaN	NaN			59	2501	450	450	6792	7125	50383;50384;50385;50386;50387	30954;30955	50384	30955	20180322_AS_EF_USP7_CONT1_Band_B	6300	50384	30955	20180322_AS_EF_USP7_CONT1_Band_B	6300	50384	30955	20180322_AS_EF_USP7_CONT1_Band_B	6300
Q9UBB4	262	Q9UBB4	Q9UBB4	Ataxin-10	ATXN10		1	69.4849	7.177E-13	82.59	72.086	69.485																										1	K	LDLMIAKITSDEPLTKDDIPVFLRHAELIAS	X;X;X;Oxidation (M);X;X;X;X;X;X;X;X;X;X;X;GlyGly (K);X;X;X;X;X;X;X;X;X;X;X;X;X;X;X	XXXXXXXPPPPPPPPPPPPPPPPPXXXXXXX	ITSDEPLTK(1)DDIPVFLR	ITSDEPLTK(69.48)DDIPVFLR	9	3	0.31741	By MS/MS	By MS/MS	By MS/MS		By MS/MS		136410000	136410000	0	0	0.32547	53164000	45680000	12099000	0	25465000	0	0.48637	0.33503	0.25653	0	0.60685	0	53164000	0	0	45680000	0	0	12099000	0	0	0	0	0	25465000	0	0	0	0	0	0.43565	0.77195	8.0559	0.34715	0.53175	8.355	0.014153	0.014356	52.744	NaN	NaN	NaN	0.032846	0.033962	51.768	NaN	NaN	NaN			60	2532	262	262	8089	8489	60544;60545;60546;60547;60548;60549;60550;60551	37532;37533;37534;37535;37536;37537	60549	37537	20180322_AS_EF_USP7_CONT1_Band_B	33074	60546	37534	20180322_AS_EF_USP7_CONT2_Band_A	31931	60549	37537	20180322_AS_EF_USP7_CONT1_Band_B	33074
Q9Y230	9	Q9Y230	Q9Y230	RuvB-like 2	RUVBL2		1	56.1392	8.64228E-05	56.139	42.55	56.139																										1	K	_______MATVTATTKVPEIRDVTRIERIGA	X;X;X;X;X;X;X;X;X;X;X;X;X;X;X;GlyGly (K);X;X;X;X;X;X;X;X;X;X;X;X;X;X;X	XXXXXXXXPPPPPPPPPPPPPXXXXXXXXXX	ATVTATTK(1)VPEIR	ATVTATTK(56.14)VPEIR	8	2	-0.60099	By matching	By MS/MS	By matching	By matching	By matching	By matching	8013000	8013000	0	0	1.0523	1933200	2046600	1032200	1057600	1106200	837270	NaN	0.26875	NaN	NaN	NaN	NaN	1933200	0	0	2046600	0	0	1032200	0	0	1057600	0	0	1106200	0	0	837270	0	0	NaN	NaN	NaN	NaN	NaN	NaN	NaN	NaN	NaN	NaN	NaN	NaN	NaN	NaN	NaN	NaN	NaN	NaN			61	2668	9	9	1637	1730	12281;12282;12283;12284;12285;12286	7695	12281	7695	20180322_AS_EF_USP7_CONT2_Band_A	18654	12281	7695	20180322_AS_EF_USP7_CONT2_Band_A	18654	12281	7695	20180322_AS_EF_USP7_CONT2_Band_A	18654
Q9Y617	323	Q9Y617	Q9Y617	Phosphoserine aminotransferase	PSAT1		1	40.9413	3.98051E-06	59.709	45.625	40.941																										1	K	GNAKGDDALEKRFLDKALELNMLSLKGHRSV	X;X;X;X;X;X;X;X;X;X;X;X;X;X;X;GlyGly (K);X;X;X;X;X;Oxidation (M);X;X;X;X;X;X;X;X;X	XXXXXXXXXXXXPPPPPPPPPPPPPPXXXXX	FLDK(1)ALELNMLSLK	FLDK(40.94)ALELNMLSLK(-40.94)	4	3	-0.19367	By MS/MS	By MS/MS	By matching	By matching	By matching	By matching	35774000	35774000	0	0	NaN	5256900	12697000	2193200	2648700	4824700	1917800	NaN	NaN	NaN	NaN	NaN	NaN	5256900	0	0	12697000	0	0	2193200	0	0	2648700	0	0	4824700	0	0	1917800	0	0	NaN	NaN	NaN	NaN	NaN	NaN	NaN	NaN	NaN	NaN	NaN	NaN	NaN	NaN	NaN	NaN	NaN	NaN			62	2757	323	323	4621	4860;4861	34214;34215;34216;34217;34218;34219;34220	21175;21176	34220	21176	20180322_AS_EF_USP7_CONT1_Band_A	30264	34214	21175	20180322_AS_EF_USP7_CONT2_Band_A	35355	34214	21175	20180322_AS_EF_USP7_CONT2_Band_A	35355
